url,language,english_source_url,old_canonical,new_canonical,old_hreflang,new_hreflang,old_indexing,new_indexing,old_sitemap,new_sitemap,old_redirect,new_redirect,visible_note
https://igalawfirm.com/ar/blog/2025-tl-deposit-usd-yield-full-return-analysis-for-foreign-investors-exiting-kkm-in-february-2025/,ar,https://igalawfirm.com/en/blog/2025-tl-deposit-usd-yield-full-return-analysis-for-foreign-investors-exiting-kkm-in-february-2025/,https://igalawfirm.com/en/blog/2025-tl-deposit-usd-yield-full-return-analysis-for-foreign-investors-exiting-kkm-in-february-2025/,https://igalawfirm.com/en/blog/2025-tl-deposit-usd-yield-full-return-analysis-for-foreign-investors-exiting-kkm-in-february-2025/,none,none,"noindex,follow","noindex,follow",excluded,excluded,none,none; retained,النص الكامل لهذا المقال متاح باللغة الإنجليزية.
https://igalawfirm.com/ar/blog/bank-deposit-for-turkish-citizenship-how-a-usd-500-000-investment-became-usd-620-640-and-was-safely/,ar,https://igalawfirm.com/en/blog/bank-deposit-for-turkish-citizenship-how-a-usd-500-000-investment-became-usd-620-640-and-was-safely/,https://igalawfirm.com/en/blog/bank-deposit-for-turkish-citizenship-how-a-usd-500-000-investment-became-usd-620-640-and-was-safely/,https://igalawfirm.com/en/blog/bank-deposit-for-turkish-citizenship-how-a-usd-500-000-investment-became-usd-620-640-and-was-safely/,none,none,"noindex,follow","noindex,follow",excluded,excluded,none,none; retained,النص الكامل لهذا المقال متاح باللغة الإنجليزية.
https://igalawfirm.com/ar/blog/bes-for-turkish-citizenship-2026-10-key-legal-questions-answered-by-a-lawyer/,ar,https://igalawfirm.com/en/blog/bes-for-turkish-citizenship-2026-10-key-legal-questions-answered-by-a-lawyer/,https://igalawfirm.com/en/blog/bes-for-turkish-citizenship-2026-10-key-legal-questions-answered-by-a-lawyer/,https://igalawfirm.com/en/blog/bes-for-turkish-citizenship-2026-10-key-legal-questions-answered-by-a-lawyer/,none,none,"noindex,follow","noindex,follow",excluded,excluded,none,none; retained,النص الكامل لهذا المقال متاح باللغة الإنجليزية.
https://igalawfirm.com/ar/blog/can-you-apply-for-turkish-citizenship-without-a-birth-certificate/,ar,https://igalawfirm.com/en/blog/can-you-apply-for-turkish-citizenship-without-a-birth-certificate/,https://igalawfirm.com/en/blog/can-you-apply-for-turkish-citizenship-without-a-birth-certificate/,https://igalawfirm.com/en/blog/can-you-apply-for-turkish-citizenship-without-a-birth-certificate/,none,none,"noindex,follow","noindex,follow",excluded,excluded,none,none; retained,النص الكامل لهذا المقال متاح باللغة الإنجليزية.
https://igalawfirm.com/ar/blog/crs-reporting-in-turkey-turkish-citizenship-by-investment-what-investors-should-know/,ar,https://igalawfirm.com/en/blog/crs-reporting-in-turkey-turkish-citizenship-by-investment-what-investors-should-know/,https://igalawfirm.com/en/blog/crs-reporting-in-turkey-turkish-citizenship-by-investment-what-investors-should-know/,https://igalawfirm.com/en/blog/crs-reporting-in-turkey-turkish-citizenship-by-investment-what-investors-should-know/,none,none,"noindex,follow","noindex,follow",excluded,excluded,none,none; retained,النص الكامل لهذا المقال متاح باللغة الإنجليزية.
https://igalawfirm.com/ar/blog/fund-investment-for-turkish-citizenship-legal-structure-of-the-bes-fund-institutional-background/,ar,https://igalawfirm.com/en/blog/fund-investment-for-turkish-citizenship-legal-structure-of-the-bes-fund-institutional-background/,https://igalawfirm.com/en/blog/fund-investment-for-turkish-citizenship-legal-structure-of-the-bes-fund-institutional-background/,https://igalawfirm.com/en/blog/fund-investment-for-turkish-citizenship-legal-structure-of-the-bes-fund-institutional-background/,none,none,"noindex,follow","noindex,follow",excluded,excluded,none,none; retained,النص الكامل لهذا المقال متاح باللغة الإنجليزية.
https://igalawfirm.com/ar/blog/iga-law-firm-is-growing-a-new-chapter-at-our-new-office/,ar,https://igalawfirm.com/en/blog/iga-law-firm-is-growing-a-new-chapter-at-our-new-office/,https://igalawfirm.com/en/blog/iga-law-firm-is-growing-a-new-chapter-at-our-new-office/,https://igalawfirm.com/en/blog/iga-law-firm-is-growing-a-new-chapter-at-our-new-office/,none,none,"noindex,follow","noindex,follow",excluded,excluded,none,none; retained,النص الكامل لهذا المقال متاح باللغة الإنجليزية.
https://igalawfirm.com/ar/blog/most-preferred-areas-by-real-estate-investors-in-istanbul-2026-iga-law-firm/,ar,https://igalawfirm.com/en/blog/most-preferred-areas-by-real-estate-investors-in-istanbul-2026-iga-law-firm/,https://igalawfirm.com/en/blog/most-preferred-areas-by-real-estate-investors-in-istanbul-2026-iga-law-firm/,https://igalawfirm.com/en/blog/most-preferred-areas-by-real-estate-investors-in-istanbul-2026-iga-law-firm/,none,none,"noindex,follow","noindex,follow",excluded,excluded,none,none; retained,النص الكامل لهذا المقال متاح باللغة الإنجليزية.
https://igalawfirm.com/ar/blog/qnb-bank-turkish-citizenship-by-investment-why-investors-choose-qnb-in-2026/,ar,https://igalawfirm.com/en/blog/qnb-bank-turkish-citizenship-by-investment-why-investors-choose-qnb-in-2026/,https://igalawfirm.com/en/blog/qnb-bank-turkish-citizenship-by-investment-why-investors-choose-qnb-in-2026/,https://igalawfirm.com/en/blog/qnb-bank-turkish-citizenship-by-investment-why-investors-choose-qnb-in-2026/,none,none,"noindex,follow","noindex,follow",excluded,excluded,none,none; retained,النص الكامل لهذا المقال متاح باللغة الإنجليزية.
https://igalawfirm.com/ar/blog/real-estate-vs-bank-deposit-vs-bes-for-turkish-citizenship-a-legal-and-strategic-comparison-2026/,ar,https://igalawfirm.com/en/blog/real-estate-vs-bank-deposit-vs-bes-for-turkish-citizenship-a-legal-and-strategic-comparison-2026/,https://igalawfirm.com/en/blog/real-estate-vs-bank-deposit-vs-bes-for-turkish-citizenship-a-legal-and-strategic-comparison-2026/,https://igalawfirm.com/en/blog/real-estate-vs-bank-deposit-vs-bes-for-turkish-citizenship-a-legal-and-strategic-comparison-2026/,none,none,"noindex,follow","noindex,follow",excluded,excluded,none,none; retained,النص الكامل لهذا المقال متاح باللغة الإنجليزية.
https://igalawfirm.com/ar/blog/step-by-step-guide-turkish-id-card-passport-appointment-after-citizenship-approval/,ar,https://igalawfirm.com/en/blog/step-by-step-guide-turkish-id-card-passport-appointment-after-citizenship-approval/,https://igalawfirm.com/en/blog/step-by-step-guide-turkish-id-card-passport-appointment-after-citizenship-approval/,https://igalawfirm.com/en/blog/step-by-step-guide-turkish-id-card-passport-appointment-after-citizenship-approval/,none,none,"noindex,follow","noindex,follow",excluded,excluded,none,none; retained,النص الكامل لهذا المقال متاح باللغة الإنجليزية.
https://igalawfirm.com/ar/blog/success-stories-newly-approved-turkish-citizenship-turkish-id-cards/,ar,https://igalawfirm.com/en/blog/success-stories-newly-approved-turkish-citizenship-turkish-id-cards/,https://igalawfirm.com/en/blog/success-stories-newly-approved-turkish-citizenship-turkish-id-cards/,https://igalawfirm.com/en/blog/success-stories-newly-approved-turkish-citizenship-turkish-id-cards/,none,none,"noindex,follow","noindex,follow",excluded,excluded,none,none; retained,النص الكامل لهذا المقال متاح باللغة الإنجليزية.
https://igalawfirm.com/ar/blog/turkey-20-year-tax-exemption-and-1-inheritance-tax-advantage-for-foreign-investors/,ar,https://igalawfirm.com/en/blog/turkey-20-year-tax-exemption-and-1-inheritance-tax-advantage-for-foreign-investors/,https://igalawfirm.com/en/blog/turkey-20-year-tax-exemption-and-1-inheritance-tax-advantage-for-foreign-investors/,https://igalawfirm.com/en/blog/turkey-20-year-tax-exemption-and-1-inheritance-tax-advantage-for-foreign-investors/,none,none,"noindex,follow","noindex,follow",excluded,excluded,none,none; retained,النص الكامل لهذا المقال متاح باللغة الإنجليزية.
https://igalawfirm.com/ar/blog/turkey-china-immigration-investment-cooperation/,ar,https://igalawfirm.com/en/blog/turkey-china-immigration-investment-cooperation/,https://igalawfirm.com/en/blog/turkey-china-immigration-investment-cooperation/,https://igalawfirm.com/en/blog/turkey-china-immigration-investment-cooperation/,none,none,"noindex,follow","noindex,follow",excluded,excluded,none,none; retained,النص الكامل لهذا المقال متاح باللغة الإنجليزية.
https://igalawfirm.com/ar/blog/turkey-citizenship-by-investment-bes-fund-route-explained-legal-structure-process-latest-succes/,ar,https://igalawfirm.com/en/blog/turkey-citizenship-by-investment-bes-fund-route-explained-legal-structure-process-latest-succes/,https://igalawfirm.com/en/blog/turkey-citizenship-by-investment-bes-fund-route-explained-legal-structure-process-latest-succes/,https://igalawfirm.com/en/blog/turkey-citizenship-by-investment-bes-fund-route-explained-legal-structure-process-latest-succes/,none,none,"noindex,follow","noindex,follow",excluded,excluded,none,none; retained,النص الكامل لهذا المقال متاح باللغة الإنجليزية.
https://igalawfirm.com/ar/blog/turkish-citizenship-by-bank-deposit-2025-complete-and-detailed-process-guide/,ar,https://igalawfirm.com/en/blog/turkish-citizenship-by-bank-deposit-2025-complete-and-detailed-process-guide/,https://igalawfirm.com/en/blog/turkish-citizenship-by-bank-deposit-2025-complete-and-detailed-process-guide/,https://igalawfirm.com/en/blog/turkish-citizenship-by-bank-deposit-2025-complete-and-detailed-process-guide/,none,none,"noindex,follow","noindex,follow",excluded,excluded,none,none; retained,النص الكامل لهذا المقال متاح باللغة الإنجليزية.
https://igalawfirm.com/ar/blog/turkish-citizenship-by-bank-deposit-real-case-study-after-3-years-500-000-usd-600-000-usd/,ar,https://igalawfirm.com/en/blog/turkish-citizenship-by-bank-deposit-real-case-study-after-3-years-500-000-usd-600-000-usd/,https://igalawfirm.com/en/blog/turkish-citizenship-by-bank-deposit-real-case-study-after-3-years-500-000-usd-600-000-usd/,https://igalawfirm.com/en/blog/turkish-citizenship-by-bank-deposit-real-case-study-after-3-years-500-000-usd-600-000-usd/,none,none,"noindex,follow","noindex,follow",excluded,excluded,none,none; retained,النص الكامل لهذا المقال متاح باللغة الإنجليزية.
https://igalawfirm.com/ar/blog/turkish-citizenship-by-investment-2026-legal-process-investment-options/,ar,https://igalawfirm.com/en/blog/turkish-citizenship-by-investment-2026-legal-process-investment-options/,https://igalawfirm.com/en/blog/turkish-citizenship-by-investment-2026-legal-process-investment-options/,https://igalawfirm.com/en/blog/turkish-citizenship-by-investment-2026-legal-process-investment-options/,none,none,"noindex,follow","noindex,follow",excluded,excluded,none,none; retained,النص الكامل لهذا المقال متاح باللغة الإنجليزية.
https://igalawfirm.com/ar/blog/turkish-citizenship-by-investment-and-turkish-name-selection-an-overlooked-advantage-for-internatio/,ar,https://igalawfirm.com/en/blog/turkish-citizenship-by-investment-and-turkish-name-selection-an-overlooked-advantage-for-internatio/,https://igalawfirm.com/en/blog/turkish-citizenship-by-investment-and-turkish-name-selection-an-overlooked-advantage-for-internatio/,https://igalawfirm.com/en/blog/turkish-citizenship-by-investment-and-turkish-name-selection-an-overlooked-advantage-for-internatio/,none,none,"noindex,follow","noindex,follow",excluded,excluded,none,none; retained,النص الكامل لهذا المقال متاح باللغة الإنجليزية.
https://igalawfirm.com/ar/blog/turkish-citizenship-by-investment-bes-allianz-funds-and-best-portfolio-strategy-2026-guide/,ar,https://igalawfirm.com/en/blog/turkish-citizenship-by-investment-bes-allianz-funds-and-best-portfolio-strategy-2026-guide/,https://igalawfirm.com/en/blog/turkish-citizenship-by-investment-bes-allianz-funds-and-best-portfolio-strategy-2026-guide/,https://igalawfirm.com/en/blog/turkish-citizenship-by-investment-bes-allianz-funds-and-best-portfolio-strategy-2026-guide/,none,none,"noindex,follow","noindex,follow",excluded,excluded,none,none; retained,النص الكامل لهذا المقال متاح باللغة الإنجليزية.
https://igalawfirm.com/ar/blog/turkish-citizenship-by-investment-through-real-estate-a-lawyer-s-guide-to-choosing-the-right-proper/,ar,https://igalawfirm.com/en/blog/turkish-citizenship-by-investment-through-real-estate-a-lawyer-s-guide-to-choosing-the-right-proper/,https://igalawfirm.com/en/blog/turkish-citizenship-by-investment-through-real-estate-a-lawyer-s-guide-to-choosing-the-right-proper/,https://igalawfirm.com/en/blog/turkish-citizenship-by-investment-through-real-estate-a-lawyer-s-guide-to-choosing-the-right-proper/,none,none,"noindex,follow","noindex,follow",excluded,excluded,none,none; retained,النص الكامل لهذا المقال متاح باللغة الإنجليزية.
https://igalawfirm.com/ar/blog/turkish-citizenship-by-investment-via-allianz-bes-secure-500-000-strategy-with-gold-funds-2026/,ar,https://igalawfirm.com/en/blog/turkish-citizenship-by-investment-via-allianz-bes-secure-500-000-strategy-with-gold-funds-2026/,https://igalawfirm.com/en/blog/turkish-citizenship-by-investment-via-allianz-bes-secure-500-000-strategy-with-gold-funds-2026/,https://igalawfirm.com/en/blog/turkish-citizenship-by-investment-via-allianz-bes-secure-500-000-strategy-with-gold-funds-2026/,none,none,"noindex,follow","noindex,follow",excluded,excluded,none,none; retained,النص الكامل لهذا المقال متاح باللغة الإنجليزية.
https://igalawfirm.com/ar/blog/turkish-citizenship-for-chinese-citizens-in-2026-documents-hukou-apostille-family-guide/,ar,https://igalawfirm.com/en/blog/turkish-citizenship-for-chinese-citizens-in-2026-documents-hukou-apostille-family-guide/,https://igalawfirm.com/en/blog/turkish-citizenship-for-chinese-citizens-in-2026-documents-hukou-apostille-family-guide/,https://igalawfirm.com/en/blog/turkish-citizenship-for-chinese-citizens-in-2026-documents-hukou-apostille-family-guide/,none,none,"noindex,follow","noindex,follow",excluded,excluded,none,none; retained,النص الكامل لهذا المقال متاح باللغة الإنجليزية.
https://igalawfirm.com/ar/blog/turkish-citizenship-property-sale-after-3-years-how-to-sell-your-property-investment-in-turkey/,ar,https://igalawfirm.com/en/blog/turkish-citizenship-property-sale-after-3-years-how-to-sell-your-property-investment-in-turkey/,https://igalawfirm.com/en/blog/turkish-citizenship-property-sale-after-3-years-how-to-sell-your-property-investment-in-turkey/,https://igalawfirm.com/en/blog/turkish-citizenship-property-sale-after-3-years-how-to-sell-your-property-investment-in-turkey/,none,none,"noindex,follow","noindex,follow",excluded,excluded,none,none; retained,النص الكامل لهذا المقال متاح باللغة الإنجليزية.
https://igalawfirm.com/ar/blog/turkish-citizenship-through-bes-a-secure-path-for-foreign-investors/,ar,https://igalawfirm.com/en/blog/turkish-citizenship-through-bes-a-secure-path-for-foreign-investors/,https://igalawfirm.com/en/blog/turkish-citizenship-through-bes-a-secure-path-for-foreign-investors/,https://igalawfirm.com/en/blog/turkish-citizenship-through-bes-a-secure-path-for-foreign-investors/,none,none,"noindex,follow","noindex,follow",excluded,excluded,none,none; retained,النص الكامل لهذا المقال متاح باللغة الإنجليزية.
https://igalawfirm.com/tr/blog/2025-tl-deposit-usd-yield-full-return-analysis-for-foreign-investors-exiting-kkm-in-february-2025/,tr,https://igalawfirm.com/en/blog/2025-tl-deposit-usd-yield-full-return-analysis-for-foreign-investors-exiting-kkm-in-february-2025/,https://igalawfirm.com/en/blog/2025-tl-deposit-usd-yield-full-return-analysis-for-foreign-investors-exiting-kkm-in-february-2025/,https://igalawfirm.com/en/blog/2025-tl-deposit-usd-yield-full-return-analysis-for-foreign-investors-exiting-kkm-in-february-2025/,none,none,"noindex,follow","noindex,follow",excluded,excluded,none,none; retained,Bu yazının tam metni İngilizcedir.
https://igalawfirm.com/tr/blog/bank-deposit-for-turkish-citizenship-how-a-usd-500-000-investment-became-usd-620-640-and-was-safely/,tr,https://igalawfirm.com/en/blog/bank-deposit-for-turkish-citizenship-how-a-usd-500-000-investment-became-usd-620-640-and-was-safely/,https://igalawfirm.com/en/blog/bank-deposit-for-turkish-citizenship-how-a-usd-500-000-investment-became-usd-620-640-and-was-safely/,https://igalawfirm.com/en/blog/bank-deposit-for-turkish-citizenship-how-a-usd-500-000-investment-became-usd-620-640-and-was-safely/,none,none,"noindex,follow","noindex,follow",excluded,excluded,none,none; retained,Bu yazının tam metni İngilizcedir.
https://igalawfirm.com/tr/blog/bes-for-turkish-citizenship-2026-10-key-legal-questions-answered-by-a-lawyer/,tr,https://igalawfirm.com/en/blog/bes-for-turkish-citizenship-2026-10-key-legal-questions-answered-by-a-lawyer/,https://igalawfirm.com/en/blog/bes-for-turkish-citizenship-2026-10-key-legal-questions-answered-by-a-lawyer/,https://igalawfirm.com/en/blog/bes-for-turkish-citizenship-2026-10-key-legal-questions-answered-by-a-lawyer/,none,none,"noindex,follow","noindex,follow",excluded,excluded,none,none; retained,Bu yazının tam metni İngilizcedir.
https://igalawfirm.com/tr/blog/can-you-apply-for-turkish-citizenship-without-a-birth-certificate/,tr,https://igalawfirm.com/en/blog/can-you-apply-for-turkish-citizenship-without-a-birth-certificate/,https://igalawfirm.com/en/blog/can-you-apply-for-turkish-citizenship-without-a-birth-certificate/,https://igalawfirm.com/en/blog/can-you-apply-for-turkish-citizenship-without-a-birth-certificate/,none,none,"noindex,follow","noindex,follow",excluded,excluded,none,none; retained,Bu yazının tam metni İngilizcedir.
https://igalawfirm.com/tr/blog/crs-reporting-in-turkey-turkish-citizenship-by-investment-what-investors-should-know/,tr,https://igalawfirm.com/en/blog/crs-reporting-in-turkey-turkish-citizenship-by-investment-what-investors-should-know/,https://igalawfirm.com/en/blog/crs-reporting-in-turkey-turkish-citizenship-by-investment-what-investors-should-know/,https://igalawfirm.com/en/blog/crs-reporting-in-turkey-turkish-citizenship-by-investment-what-investors-should-know/,none,none,"noindex,follow","noindex,follow",excluded,excluded,none,none; retained,Bu yazının tam metni İngilizcedir.
https://igalawfirm.com/tr/blog/fund-investment-for-turkish-citizenship-legal-structure-of-the-bes-fund-institutional-background/,tr,https://igalawfirm.com/en/blog/fund-investment-for-turkish-citizenship-legal-structure-of-the-bes-fund-institutional-background/,https://igalawfirm.com/en/blog/fund-investment-for-turkish-citizenship-legal-structure-of-the-bes-fund-institutional-background/,https://igalawfirm.com/en/blog/fund-investment-for-turkish-citizenship-legal-structure-of-the-bes-fund-institutional-background/,none,none,"noindex,follow","noindex,follow",excluded,excluded,none,none; retained,Bu yazının tam metni İngilizcedir.
https://igalawfirm.com/tr/blog/iga-law-firm-is-growing-a-new-chapter-at-our-new-office/,tr,https://igalawfirm.com/en/blog/iga-law-firm-is-growing-a-new-chapter-at-our-new-office/,https://igalawfirm.com/en/blog/iga-law-firm-is-growing-a-new-chapter-at-our-new-office/,https://igalawfirm.com/en/blog/iga-law-firm-is-growing-a-new-chapter-at-our-new-office/,none,none,"noindex,follow","noindex,follow",excluded,excluded,none,none; retained,Bu yazının tam metni İngilizcedir.
https://igalawfirm.com/tr/blog/most-preferred-areas-by-real-estate-investors-in-istanbul-2026-iga-law-firm/,tr,https://igalawfirm.com/en/blog/most-preferred-areas-by-real-estate-investors-in-istanbul-2026-iga-law-firm/,https://igalawfirm.com/en/blog/most-preferred-areas-by-real-estate-investors-in-istanbul-2026-iga-law-firm/,https://igalawfirm.com/en/blog/most-preferred-areas-by-real-estate-investors-in-istanbul-2026-iga-law-firm/,none,none,"noindex,follow","noindex,follow",excluded,excluded,none,none; retained,Bu yazının tam metni İngilizcedir.
https://igalawfirm.com/tr/blog/qnb-bank-turkish-citizenship-by-investment-why-investors-choose-qnb-in-2026/,tr,https://igalawfirm.com/en/blog/qnb-bank-turkish-citizenship-by-investment-why-investors-choose-qnb-in-2026/,https://igalawfirm.com/en/blog/qnb-bank-turkish-citizenship-by-investment-why-investors-choose-qnb-in-2026/,https://igalawfirm.com/en/blog/qnb-bank-turkish-citizenship-by-investment-why-investors-choose-qnb-in-2026/,none,none,"noindex,follow","noindex,follow",excluded,excluded,none,none; retained,Bu yazının tam metni İngilizcedir.
https://igalawfirm.com/tr/blog/real-estate-vs-bank-deposit-vs-bes-for-turkish-citizenship-a-legal-and-strategic-comparison-2026/,tr,https://igalawfirm.com/en/blog/real-estate-vs-bank-deposit-vs-bes-for-turkish-citizenship-a-legal-and-strategic-comparison-2026/,https://igalawfirm.com/en/blog/real-estate-vs-bank-deposit-vs-bes-for-turkish-citizenship-a-legal-and-strategic-comparison-2026/,https://igalawfirm.com/en/blog/real-estate-vs-bank-deposit-vs-bes-for-turkish-citizenship-a-legal-and-strategic-comparison-2026/,none,none,"noindex,follow","noindex,follow",excluded,excluded,none,none; retained,Bu yazının tam metni İngilizcedir.
https://igalawfirm.com/tr/blog/step-by-step-guide-turkish-id-card-passport-appointment-after-citizenship-approval/,tr,https://igalawfirm.com/en/blog/step-by-step-guide-turkish-id-card-passport-appointment-after-citizenship-approval/,https://igalawfirm.com/en/blog/step-by-step-guide-turkish-id-card-passport-appointment-after-citizenship-approval/,https://igalawfirm.com/en/blog/step-by-step-guide-turkish-id-card-passport-appointment-after-citizenship-approval/,none,none,"noindex,follow","noindex,follow",excluded,excluded,none,none; retained,Bu yazının tam metni İngilizcedir.
https://igalawfirm.com/tr/blog/success-stories-newly-approved-turkish-citizenship-turkish-id-cards/,tr,https://igalawfirm.com/en/blog/success-stories-newly-approved-turkish-citizenship-turkish-id-cards/,https://igalawfirm.com/en/blog/success-stories-newly-approved-turkish-citizenship-turkish-id-cards/,https://igalawfirm.com/en/blog/success-stories-newly-approved-turkish-citizenship-turkish-id-cards/,none,none,"noindex,follow","noindex,follow",excluded,excluded,none,none; retained,Bu yazının tam metni İngilizcedir.
https://igalawfirm.com/tr/blog/turkey-20-year-tax-exemption-and-1-inheritance-tax-advantage-for-foreign-investors/,tr,https://igalawfirm.com/en/blog/turkey-20-year-tax-exemption-and-1-inheritance-tax-advantage-for-foreign-investors/,https://igalawfirm.com/en/blog/turkey-20-year-tax-exemption-and-1-inheritance-tax-advantage-for-foreign-investors/,https://igalawfirm.com/en/blog/turkey-20-year-tax-exemption-and-1-inheritance-tax-advantage-for-foreign-investors/,none,none,"noindex,follow","noindex,follow",excluded,excluded,none,none; retained,Bu yazının tam metni İngilizcedir.
https://igalawfirm.com/tr/blog/turkey-china-immigration-investment-cooperation/,tr,https://igalawfirm.com/en/blog/turkey-china-immigration-investment-cooperation/,https://igalawfirm.com/en/blog/turkey-china-immigration-investment-cooperation/,https://igalawfirm.com/en/blog/turkey-china-immigration-investment-cooperation/,none,none,"noindex,follow","noindex,follow",excluded,excluded,none,none; retained,Bu yazının tam metni İngilizcedir.
https://igalawfirm.com/tr/blog/turkey-citizenship-by-investment-bes-fund-route-explained-legal-structure-process-latest-succes/,tr,https://igalawfirm.com/en/blog/turkey-citizenship-by-investment-bes-fund-route-explained-legal-structure-process-latest-succes/,https://igalawfirm.com/en/blog/turkey-citizenship-by-investment-bes-fund-route-explained-legal-structure-process-latest-succes/,https://igalawfirm.com/en/blog/turkey-citizenship-by-investment-bes-fund-route-explained-legal-structure-process-latest-succes/,none,none,"noindex,follow","noindex,follow",excluded,excluded,none,none; retained,Bu yazının tam metni İngilizcedir.
https://igalawfirm.com/tr/blog/turkish-citizenship-by-bank-deposit-2025-complete-and-detailed-process-guide/,tr,https://igalawfirm.com/en/blog/turkish-citizenship-by-bank-deposit-2025-complete-and-detailed-process-guide/,https://igalawfirm.com/en/blog/turkish-citizenship-by-bank-deposit-2025-complete-and-detailed-process-guide/,https://igalawfirm.com/en/blog/turkish-citizenship-by-bank-deposit-2025-complete-and-detailed-process-guide/,none,none,"noindex,follow","noindex,follow",excluded,excluded,none,none; retained,Bu yazının tam metni İngilizcedir.
https://igalawfirm.com/tr/blog/turkish-citizenship-by-bank-deposit-real-case-study-after-3-years-500-000-usd-600-000-usd/,tr,https://igalawfirm.com/en/blog/turkish-citizenship-by-bank-deposit-real-case-study-after-3-years-500-000-usd-600-000-usd/,https://igalawfirm.com/en/blog/turkish-citizenship-by-bank-deposit-real-case-study-after-3-years-500-000-usd-600-000-usd/,https://igalawfirm.com/en/blog/turkish-citizenship-by-bank-deposit-real-case-study-after-3-years-500-000-usd-600-000-usd/,none,none,"noindex,follow","noindex,follow",excluded,excluded,none,none; retained,Bu yazının tam metni İngilizcedir.
https://igalawfirm.com/tr/blog/turkish-citizenship-by-investment-2026-legal-process-investment-options/,tr,https://igalawfirm.com/en/blog/turkish-citizenship-by-investment-2026-legal-process-investment-options/,https://igalawfirm.com/en/blog/turkish-citizenship-by-investment-2026-legal-process-investment-options/,https://igalawfirm.com/en/blog/turkish-citizenship-by-investment-2026-legal-process-investment-options/,none,none,"noindex,follow","noindex,follow",excluded,excluded,none,none; retained,Bu yazının tam metni İngilizcedir.
https://igalawfirm.com/tr/blog/turkish-citizenship-by-investment-and-turkish-name-selection-an-overlooked-advantage-for-internatio/,tr,https://igalawfirm.com/en/blog/turkish-citizenship-by-investment-and-turkish-name-selection-an-overlooked-advantage-for-internatio/,https://igalawfirm.com/en/blog/turkish-citizenship-by-investment-and-turkish-name-selection-an-overlooked-advantage-for-internatio/,https://igalawfirm.com/en/blog/turkish-citizenship-by-investment-and-turkish-name-selection-an-overlooked-advantage-for-internatio/,none,none,"noindex,follow","noindex,follow",excluded,excluded,none,none; retained,Bu yazının tam metni İngilizcedir.
https://igalawfirm.com/tr/blog/turkish-citizenship-by-investment-bes-allianz-funds-and-best-portfolio-strategy-2026-guide/,tr,https://igalawfirm.com/en/blog/turkish-citizenship-by-investment-bes-allianz-funds-and-best-portfolio-strategy-2026-guide/,https://igalawfirm.com/en/blog/turkish-citizenship-by-investment-bes-allianz-funds-and-best-portfolio-strategy-2026-guide/,https://igalawfirm.com/en/blog/turkish-citizenship-by-investment-bes-allianz-funds-and-best-portfolio-strategy-2026-guide/,none,none,"noindex,follow","noindex,follow",excluded,excluded,none,none; retained,Bu yazının tam metni İngilizcedir.
https://igalawfirm.com/tr/blog/turkish-citizenship-by-investment-through-real-estate-a-lawyer-s-guide-to-choosing-the-right-proper/,tr,https://igalawfirm.com/en/blog/turkish-citizenship-by-investment-through-real-estate-a-lawyer-s-guide-to-choosing-the-right-proper/,https://igalawfirm.com/en/blog/turkish-citizenship-by-investment-through-real-estate-a-lawyer-s-guide-to-choosing-the-right-proper/,https://igalawfirm.com/en/blog/turkish-citizenship-by-investment-through-real-estate-a-lawyer-s-guide-to-choosing-the-right-proper/,none,none,"noindex,follow","noindex,follow",excluded,excluded,none,none; retained,Bu yazının tam metni İngilizcedir.
https://igalawfirm.com/tr/blog/turkish-citizenship-by-investment-via-allianz-bes-secure-500-000-strategy-with-gold-funds-2026/,tr,https://igalawfirm.com/en/blog/turkish-citizenship-by-investment-via-allianz-bes-secure-500-000-strategy-with-gold-funds-2026/,https://igalawfirm.com/en/blog/turkish-citizenship-by-investment-via-allianz-bes-secure-500-000-strategy-with-gold-funds-2026/,https://igalawfirm.com/en/blog/turkish-citizenship-by-investment-via-allianz-bes-secure-500-000-strategy-with-gold-funds-2026/,none,none,"noindex,follow","noindex,follow",excluded,excluded,none,none; retained,Bu yazının tam metni İngilizcedir.
https://igalawfirm.com/tr/blog/turkish-citizenship-for-chinese-citizens-in-2026-documents-hukou-apostille-family-guide/,tr,https://igalawfirm.com/en/blog/turkish-citizenship-for-chinese-citizens-in-2026-documents-hukou-apostille-family-guide/,https://igalawfirm.com/en/blog/turkish-citizenship-for-chinese-citizens-in-2026-documents-hukou-apostille-family-guide/,https://igalawfirm.com/en/blog/turkish-citizenship-for-chinese-citizens-in-2026-documents-hukou-apostille-family-guide/,none,none,"noindex,follow","noindex,follow",excluded,excluded,none,none; retained,Bu yazının tam metni İngilizcedir.
https://igalawfirm.com/tr/blog/turkish-citizenship-property-sale-after-3-years-how-to-sell-your-property-investment-in-turkey/,tr,https://igalawfirm.com/en/blog/turkish-citizenship-property-sale-after-3-years-how-to-sell-your-property-investment-in-turkey/,https://igalawfirm.com/en/blog/turkish-citizenship-property-sale-after-3-years-how-to-sell-your-property-investment-in-turkey/,https://igalawfirm.com/en/blog/turkish-citizenship-property-sale-after-3-years-how-to-sell-your-property-investment-in-turkey/,none,none,"noindex,follow","noindex,follow",excluded,excluded,none,none; retained,Bu yazının tam metni İngilizcedir.
https://igalawfirm.com/tr/blog/turkish-citizenship-through-bes-a-secure-path-for-foreign-investors/,tr,https://igalawfirm.com/en/blog/turkish-citizenship-through-bes-a-secure-path-for-foreign-investors/,https://igalawfirm.com/en/blog/turkish-citizenship-through-bes-a-secure-path-for-foreign-investors/,https://igalawfirm.com/en/blog/turkish-citizenship-through-bes-a-secure-path-for-foreign-investors/,none,none,"noindex,follow","noindex,follow",excluded,excluded,none,none; retained,Bu yazının tam metni İngilizcedir.
https://igalawfirm.com/zh/blog/2025-tl-deposit-usd-yield-full-return-analysis-for-foreign-investors-exiting-kkm-in-february-2025/,zh,https://igalawfirm.com/en/blog/2025-tl-deposit-usd-yield-full-return-analysis-for-foreign-investors-exiting-kkm-in-february-2025/,https://igalawfirm.com/en/blog/2025-tl-deposit-usd-yield-full-return-analysis-for-foreign-investors-exiting-kkm-in-february-2025/,https://igalawfirm.com/en/blog/2025-tl-deposit-usd-yield-full-return-analysis-for-foreign-investors-exiting-kkm-in-february-2025/,none,none,"noindex,follow","noindex,follow",excluded,excluded,none,none; retained,本文全文为英文。
https://igalawfirm.com/zh/blog/bank-deposit-for-turkish-citizenship-how-a-usd-500-000-investment-became-usd-620-640-and-was-safely/,zh,https://igalawfirm.com/en/blog/bank-deposit-for-turkish-citizenship-how-a-usd-500-000-investment-became-usd-620-640-and-was-safely/,https://igalawfirm.com/en/blog/bank-deposit-for-turkish-citizenship-how-a-usd-500-000-investment-became-usd-620-640-and-was-safely/,https://igalawfirm.com/en/blog/bank-deposit-for-turkish-citizenship-how-a-usd-500-000-investment-became-usd-620-640-and-was-safely/,none,none,"noindex,follow","noindex,follow",excluded,excluded,none,none; retained,本文全文为英文。
https://igalawfirm.com/zh/blog/bes-for-turkish-citizenship-2026-10-key-legal-questions-answered-by-a-lawyer/,zh,https://igalawfirm.com/en/blog/bes-for-turkish-citizenship-2026-10-key-legal-questions-answered-by-a-lawyer/,https://igalawfirm.com/en/blog/bes-for-turkish-citizenship-2026-10-key-legal-questions-answered-by-a-lawyer/,https://igalawfirm.com/en/blog/bes-for-turkish-citizenship-2026-10-key-legal-questions-answered-by-a-lawyer/,none,none,"noindex,follow","noindex,follow",excluded,excluded,none,none; retained,本文全文为英文。
https://igalawfirm.com/zh/blog/can-you-apply-for-turkish-citizenship-without-a-birth-certificate/,zh,https://igalawfirm.com/en/blog/can-you-apply-for-turkish-citizenship-without-a-birth-certificate/,https://igalawfirm.com/en/blog/can-you-apply-for-turkish-citizenship-without-a-birth-certificate/,https://igalawfirm.com/en/blog/can-you-apply-for-turkish-citizenship-without-a-birth-certificate/,none,none,"noindex,follow","noindex,follow",excluded,excluded,none,none; retained,本文全文为英文。
https://igalawfirm.com/zh/blog/crs-reporting-in-turkey-turkish-citizenship-by-investment-what-investors-should-know/,zh,https://igalawfirm.com/en/blog/crs-reporting-in-turkey-turkish-citizenship-by-investment-what-investors-should-know/,https://igalawfirm.com/en/blog/crs-reporting-in-turkey-turkish-citizenship-by-investment-what-investors-should-know/,https://igalawfirm.com/en/blog/crs-reporting-in-turkey-turkish-citizenship-by-investment-what-investors-should-know/,none,none,"noindex,follow","noindex,follow",excluded,excluded,none,none; retained,本文全文为英文。
https://igalawfirm.com/zh/blog/fund-investment-for-turkish-citizenship-legal-structure-of-the-bes-fund-institutional-background/,zh,https://igalawfirm.com/en/blog/fund-investment-for-turkish-citizenship-legal-structure-of-the-bes-fund-institutional-background/,https://igalawfirm.com/en/blog/fund-investment-for-turkish-citizenship-legal-structure-of-the-bes-fund-institutional-background/,https://igalawfirm.com/en/blog/fund-investment-for-turkish-citizenship-legal-structure-of-the-bes-fund-institutional-background/,none,none,"noindex,follow","noindex,follow",excluded,excluded,none,none; retained,本文全文为英文。
https://igalawfirm.com/zh/blog/iga-law-firm-is-growing-a-new-chapter-at-our-new-office/,zh,https://igalawfirm.com/en/blog/iga-law-firm-is-growing-a-new-chapter-at-our-new-office/,https://igalawfirm.com/en/blog/iga-law-firm-is-growing-a-new-chapter-at-our-new-office/,https://igalawfirm.com/en/blog/iga-law-firm-is-growing-a-new-chapter-at-our-new-office/,none,none,"noindex,follow","noindex,follow",excluded,excluded,none,none; retained,本文全文为英文。
https://igalawfirm.com/zh/blog/most-preferred-areas-by-real-estate-investors-in-istanbul-2026-iga-law-firm/,zh,https://igalawfirm.com/en/blog/most-preferred-areas-by-real-estate-investors-in-istanbul-2026-iga-law-firm/,https://igalawfirm.com/en/blog/most-preferred-areas-by-real-estate-investors-in-istanbul-2026-iga-law-firm/,https://igalawfirm.com/en/blog/most-preferred-areas-by-real-estate-investors-in-istanbul-2026-iga-law-firm/,none,none,"noindex,follow","noindex,follow",excluded,excluded,none,none; retained,本文全文为英文。
https://igalawfirm.com/zh/blog/qnb-bank-turkish-citizenship-by-investment-why-investors-choose-qnb-in-2026/,zh,https://igalawfirm.com/en/blog/qnb-bank-turkish-citizenship-by-investment-why-investors-choose-qnb-in-2026/,https://igalawfirm.com/en/blog/qnb-bank-turkish-citizenship-by-investment-why-investors-choose-qnb-in-2026/,https://igalawfirm.com/en/blog/qnb-bank-turkish-citizenship-by-investment-why-investors-choose-qnb-in-2026/,none,none,"noindex,follow","noindex,follow",excluded,excluded,none,none; retained,本文全文为英文。
https://igalawfirm.com/zh/blog/real-estate-vs-bank-deposit-vs-bes-for-turkish-citizenship-a-legal-and-strategic-comparison-2026/,zh,https://igalawfirm.com/en/blog/real-estate-vs-bank-deposit-vs-bes-for-turkish-citizenship-a-legal-and-strategic-comparison-2026/,https://igalawfirm.com/en/blog/real-estate-vs-bank-deposit-vs-bes-for-turkish-citizenship-a-legal-and-strategic-comparison-2026/,https://igalawfirm.com/en/blog/real-estate-vs-bank-deposit-vs-bes-for-turkish-citizenship-a-legal-and-strategic-comparison-2026/,none,none,"noindex,follow","noindex,follow",excluded,excluded,none,none; retained,本文全文为英文。
https://igalawfirm.com/zh/blog/step-by-step-guide-turkish-id-card-passport-appointment-after-citizenship-approval/,zh,https://igalawfirm.com/en/blog/step-by-step-guide-turkish-id-card-passport-appointment-after-citizenship-approval/,https://igalawfirm.com/en/blog/step-by-step-guide-turkish-id-card-passport-appointment-after-citizenship-approval/,https://igalawfirm.com/en/blog/step-by-step-guide-turkish-id-card-passport-appointment-after-citizenship-approval/,none,none,"noindex,follow","noindex,follow",excluded,excluded,none,none; retained,本文全文为英文。
https://igalawfirm.com/zh/blog/success-stories-newly-approved-turkish-citizenship-turkish-id-cards/,zh,https://igalawfirm.com/en/blog/success-stories-newly-approved-turkish-citizenship-turkish-id-cards/,https://igalawfirm.com/en/blog/success-stories-newly-approved-turkish-citizenship-turkish-id-cards/,https://igalawfirm.com/en/blog/success-stories-newly-approved-turkish-citizenship-turkish-id-cards/,none,none,"noindex,follow","noindex,follow",excluded,excluded,none,none; retained,本文全文为英文。
https://igalawfirm.com/zh/blog/turkey-20-year-tax-exemption-and-1-inheritance-tax-advantage-for-foreign-investors/,zh,https://igalawfirm.com/en/blog/turkey-20-year-tax-exemption-and-1-inheritance-tax-advantage-for-foreign-investors/,https://igalawfirm.com/en/blog/turkey-20-year-tax-exemption-and-1-inheritance-tax-advantage-for-foreign-investors/,https://igalawfirm.com/en/blog/turkey-20-year-tax-exemption-and-1-inheritance-tax-advantage-for-foreign-investors/,none,none,"noindex,follow","noindex,follow",excluded,excluded,none,none; retained,本文全文为英文。
https://igalawfirm.com/zh/blog/turkey-china-immigration-investment-cooperation/,zh,https://igalawfirm.com/en/blog/turkey-china-immigration-investment-cooperation/,https://igalawfirm.com/en/blog/turkey-china-immigration-investment-cooperation/,https://igalawfirm.com/en/blog/turkey-china-immigration-investment-cooperation/,none,none,"noindex,follow","noindex,follow",excluded,excluded,none,none; retained,本文全文为英文。
https://igalawfirm.com/zh/blog/turkey-citizenship-by-investment-bes-fund-route-explained-legal-structure-process-latest-succes/,zh,https://igalawfirm.com/en/blog/turkey-citizenship-by-investment-bes-fund-route-explained-legal-structure-process-latest-succes/,https://igalawfirm.com/en/blog/turkey-citizenship-by-investment-bes-fund-route-explained-legal-structure-process-latest-succes/,https://igalawfirm.com/en/blog/turkey-citizenship-by-investment-bes-fund-route-explained-legal-structure-process-latest-succes/,none,none,"noindex,follow","noindex,follow",excluded,excluded,none,none; retained,本文全文为英文。
https://igalawfirm.com/zh/blog/turkish-citizenship-by-bank-deposit-2025-complete-and-detailed-process-guide/,zh,https://igalawfirm.com/en/blog/turkish-citizenship-by-bank-deposit-2025-complete-and-detailed-process-guide/,https://igalawfirm.com/en/blog/turkish-citizenship-by-bank-deposit-2025-complete-and-detailed-process-guide/,https://igalawfirm.com/en/blog/turkish-citizenship-by-bank-deposit-2025-complete-and-detailed-process-guide/,none,none,"noindex,follow","noindex,follow",excluded,excluded,none,none; retained,本文全文为英文。
https://igalawfirm.com/zh/blog/turkish-citizenship-by-bank-deposit-real-case-study-after-3-years-500-000-usd-600-000-usd/,zh,https://igalawfirm.com/en/blog/turkish-citizenship-by-bank-deposit-real-case-study-after-3-years-500-000-usd-600-000-usd/,https://igalawfirm.com/en/blog/turkish-citizenship-by-bank-deposit-real-case-study-after-3-years-500-000-usd-600-000-usd/,https://igalawfirm.com/en/blog/turkish-citizenship-by-bank-deposit-real-case-study-after-3-years-500-000-usd-600-000-usd/,none,none,"noindex,follow","noindex,follow",excluded,excluded,none,none; retained,本文全文为英文。
https://igalawfirm.com/zh/blog/turkish-citizenship-by-investment-2026-legal-process-investment-options/,zh,https://igalawfirm.com/en/blog/turkish-citizenship-by-investment-2026-legal-process-investment-options/,https://igalawfirm.com/en/blog/turkish-citizenship-by-investment-2026-legal-process-investment-options/,https://igalawfirm.com/en/blog/turkish-citizenship-by-investment-2026-legal-process-investment-options/,none,none,"noindex,follow","noindex,follow",excluded,excluded,none,none; retained,本文全文为英文。
https://igalawfirm.com/zh/blog/turkish-citizenship-by-investment-and-turkish-name-selection-an-overlooked-advantage-for-internatio/,zh,https://igalawfirm.com/en/blog/turkish-citizenship-by-investment-and-turkish-name-selection-an-overlooked-advantage-for-internatio/,https://igalawfirm.com/en/blog/turkish-citizenship-by-investment-and-turkish-name-selection-an-overlooked-advantage-for-internatio/,https://igalawfirm.com/en/blog/turkish-citizenship-by-investment-and-turkish-name-selection-an-overlooked-advantage-for-internatio/,none,none,"noindex,follow","noindex,follow",excluded,excluded,none,none; retained,本文全文为英文。
https://igalawfirm.com/zh/blog/turkish-citizenship-by-investment-bes-allianz-funds-and-best-portfolio-strategy-2026-guide/,zh,https://igalawfirm.com/en/blog/turkish-citizenship-by-investment-bes-allianz-funds-and-best-portfolio-strategy-2026-guide/,https://igalawfirm.com/en/blog/turkish-citizenship-by-investment-bes-allianz-funds-and-best-portfolio-strategy-2026-guide/,https://igalawfirm.com/en/blog/turkish-citizenship-by-investment-bes-allianz-funds-and-best-portfolio-strategy-2026-guide/,none,none,"noindex,follow","noindex,follow",excluded,excluded,none,none; retained,本文全文为英文。
https://igalawfirm.com/zh/blog/turkish-citizenship-by-investment-through-real-estate-a-lawyer-s-guide-to-choosing-the-right-proper/,zh,https://igalawfirm.com/en/blog/turkish-citizenship-by-investment-through-real-estate-a-lawyer-s-guide-to-choosing-the-right-proper/,https://igalawfirm.com/en/blog/turkish-citizenship-by-investment-through-real-estate-a-lawyer-s-guide-to-choosing-the-right-proper/,https://igalawfirm.com/en/blog/turkish-citizenship-by-investment-through-real-estate-a-lawyer-s-guide-to-choosing-the-right-proper/,none,none,"noindex,follow","noindex,follow",excluded,excluded,none,none; retained,本文全文为英文。
https://igalawfirm.com/zh/blog/turkish-citizenship-by-investment-via-allianz-bes-secure-500-000-strategy-with-gold-funds-2026/,zh,https://igalawfirm.com/en/blog/turkish-citizenship-by-investment-via-allianz-bes-secure-500-000-strategy-with-gold-funds-2026/,https://igalawfirm.com/en/blog/turkish-citizenship-by-investment-via-allianz-bes-secure-500-000-strategy-with-gold-funds-2026/,https://igalawfirm.com/en/blog/turkish-citizenship-by-investment-via-allianz-bes-secure-500-000-strategy-with-gold-funds-2026/,none,none,"noindex,follow","noindex,follow",excluded,excluded,none,none; retained,本文全文为英文。
https://igalawfirm.com/zh/blog/turkish-citizenship-for-chinese-citizens-in-2026-documents-hukou-apostille-family-guide/,zh,https://igalawfirm.com/en/blog/turkish-citizenship-for-chinese-citizens-in-2026-documents-hukou-apostille-family-guide/,https://igalawfirm.com/en/blog/turkish-citizenship-for-chinese-citizens-in-2026-documents-hukou-apostille-family-guide/,https://igalawfirm.com/en/blog/turkish-citizenship-for-chinese-citizens-in-2026-documents-hukou-apostille-family-guide/,none,none,"noindex,follow","noindex,follow",excluded,excluded,none,none; retained,本文全文为英文。
https://igalawfirm.com/zh/blog/turkish-citizenship-property-sale-after-3-years-how-to-sell-your-property-investment-in-turkey/,zh,https://igalawfirm.com/en/blog/turkish-citizenship-property-sale-after-3-years-how-to-sell-your-property-investment-in-turkey/,https://igalawfirm.com/en/blog/turkish-citizenship-property-sale-after-3-years-how-to-sell-your-property-investment-in-turkey/,https://igalawfirm.com/en/blog/turkish-citizenship-property-sale-after-3-years-how-to-sell-your-property-investment-in-turkey/,none,none,"noindex,follow","noindex,follow",excluded,excluded,none,none; retained,本文全文为英文。
https://igalawfirm.com/zh/blog/turkish-citizenship-through-bes-a-secure-path-for-foreign-investors/,zh,https://igalawfirm.com/en/blog/turkish-citizenship-through-bes-a-secure-path-for-foreign-investors/,https://igalawfirm.com/en/blog/turkish-citizenship-through-bes-a-secure-path-for-foreign-investors/,https://igalawfirm.com/en/blog/turkish-citizenship-through-bes-a-secure-path-for-foreign-investors/,none,none,"noindex,follow","noindex,follow",excluded,excluded,none,none; retained,本文全文为英文。
