url,lang,title,description,h1,canonical,hreflang,in_sitemap,main_in_initial_html
https://igalawfirm.com/ar/about/,ar,من نحن | IGA Law Firm,دعم قانوني عملي ومخصص للقرارات التي تؤثر في حياتك وأعمالك في تركيا.,فهم محلي ورؤية دولية.,https://igalawfirm.com/ar/about/,en=https://igalawfirm.com/en/about/ ; tr=https://igalawfirm.com/tr/about/ ; zh-CN=https://igalawfirm.com/zh/about/ ; ar=https://igalawfirm.com/ar/about/,True,True
https://igalawfirm.com/ar/blog/2025-tl-deposit-usd-yield-full-return-analysis-for-foreign-investors-exiting-kkm-in-february-2025/,ar,2025 TL Deposit USD Yield: Return Analysis for Foreign Investors | IGA Law Firm,2025 TL Deposit USD Yield: Return Analysis for Foreign Investors. معلومات قانونية عن الجنسية التركية وطرق الاستثمار ووثائق الأسرة وتخطيط الطلب.,2025 TL Deposit USD Yield: Return Analysis for Foreign Investors,https://igalawfirm.com/en/blog/2025-tl-deposit-usd-yield-full-return-analysis-for-foreign-investors-exiting-kkm-in-february-2025/,,False,True
https://igalawfirm.com/ar/blog/bank-deposit-for-turkish-citizenship-how-a-usd-500-000-investment-became-usd-620-640-and-was-safely/,ar,"Bank Deposit for Turkish Citizenship: A $500,000 Investment Becomes $620,640 | IGA Law Firm","Bank Deposit for Turkish Citizenship: A $500,000 Investment Becomes $620,640. معلومات قانونية عن الجنسية التركية وطرق الاستثمار ووثائق الأسرة وتخطيط الطلب.","Bank Deposit for Turkish Citizenship: A $500,000 Investment Becomes $620,640",https://igalawfirm.com/en/blog/bank-deposit-for-turkish-citizenship-how-a-usd-500-000-investment-became-usd-620-640-and-was-safely/,,False,True
https://igalawfirm.com/ar/blog/bes-for-turkish-citizenship-2026-10-key-legal-questions-answered-by-a-lawyer/,ar,BES for Turkish Citizenship (2026): 10 Key Legal Questions Answered by a Lawyer | IGA Law Firm,BES for Turkish Citizenship (2026): 10 Key Legal Questions Answered by a Lawyer. معلومات قانونية عن الجنسية التركية وطرق الاستثمار ووثائق الأسرة وتخطيط الطلب.,BES for Turkish Citizenship (2026): 10 Key Legal Questions Answered by a Lawyer,https://igalawfirm.com/en/blog/bes-for-turkish-citizenship-2026-10-key-legal-questions-answered-by-a-lawyer/,,False,True
https://igalawfirm.com/ar/blog/can-you-apply-for-turkish-citizenship-without-a-birth-certificate/,ar,Can You Apply for Turkish Citizenship Without a Birth Certificate? | IGA Law Firm,Can You Apply for Turkish Citizenship Without a Birth Certificate?. معلومات قانونية عن الجنسية التركية وطرق الاستثمار ووثائق الأسرة وتخطيط الطلب.,Can You Apply for Turkish Citizenship Without a Birth Certificate?,https://igalawfirm.com/en/blog/can-you-apply-for-turkish-citizenship-without-a-birth-certificate/,,False,True
https://igalawfirm.com/ar/blog/crs-reporting-in-turkey-turkish-citizenship-by-investment-what-investors-should-know/,ar,CRS Reporting in Turkey & Turkish Citizenship by Investment: What Investors Should Know | IGA Law Firm,CRS Reporting in Turkey & Turkish Citizenship by Investment: What Investors Should Know. معلومات قانونية عن الجنسية التركية وطرق الاستثمار ووثائق الأسرة وتخطيط الطلب.,CRS Reporting in Turkey & Turkish Citizenship by Investment: What Investors Should Know,https://igalawfirm.com/en/blog/crs-reporting-in-turkey-turkish-citizenship-by-investment-what-investors-should-know/,,False,True
https://igalawfirm.com/ar/blog/fund-investment-for-turkish-citizenship-legal-structure-of-the-bes-fund-institutional-background/,ar,Fund Investment for Turkish Citizenship: BES Legal Structure and Institutional Background | IGA Law Firm,Fund Investment for Turkish Citizenship: BES Legal Structure and Institutional Background. معلومات قانونية عن الجنسية التركية وطرق الاستثمار ووثائق الأسرة وتخطيط الطلب.,Fund Investment for Turkish Citizenship: BES Legal Structure and Institutional Background,https://igalawfirm.com/en/blog/fund-investment-for-turkish-citizenship-legal-structure-of-the-bes-fund-institutional-background/,,False,True
https://igalawfirm.com/ar/blog/iga-law-firm-is-growing-a-new-chapter-at-our-new-office/,ar,IGA Law Firm Is Growing: A New Chapter at Our New Office | IGA Law Firm,IGA Law Firm Is Growing: A New Chapter at Our New Office. أخبار مكتب IGA وفريقه وأعماله في إسطنبول.,IGA Law Firm Is Growing: A New Chapter at Our New Office,https://igalawfirm.com/en/blog/iga-law-firm-is-growing-a-new-chapter-at-our-new-office/,,False,True
https://igalawfirm.com/ar/blog/,ar,المدونة | IGA Law Firm,مقالات عملية عن الجنسية التركية والاستثمار والهجرة وقانون الأعمال. النصوص الكاملة منشورة باللغة الإنجليزية.,المدونة,https://igalawfirm.com/ar/blog/,en=https://igalawfirm.com/en/blog/ ; tr=https://igalawfirm.com/tr/blog/ ; zh-CN=https://igalawfirm.com/zh/blog/ ; ar=https://igalawfirm.com/ar/blog/,True,True
https://igalawfirm.com/ar/blog/most-preferred-areas-by-real-estate-investors-in-istanbul-2026-iga-law-firm/,ar,Most Preferred Areas by Real Estate Investors in Istanbul 2026 | IGA Law Firm,Most Preferred Areas by Real Estate Investors in Istanbul 2026. معلومات عملية عن عقارات إسطنبول والفحص القانوني والاستثمار العقاري في تركيا.,Most Preferred Areas by Real Estate Investors in Istanbul 2026,https://igalawfirm.com/en/blog/most-preferred-areas-by-real-estate-investors-in-istanbul-2026-iga-law-firm/,,False,True
https://igalawfirm.com/ar/blog/qnb-bank-turkish-citizenship-by-investment-why-investors-choose-qnb-in-2026/,ar,QNB Bank — Turkish Citizenship by Investment: Why Investors Choose QNB in 2026 | IGA Law Firm,QNB Bank — Turkish Citizenship by Investment: Why Investors Choose QNB in 2026. معلومات قانونية عن الجنسية التركية وطرق الاستثمار ووثائق الأسرة وتخطيط الطلب.,QNB Bank — Turkish Citizenship by Investment: Why Investors Choose QNB in 2026,https://igalawfirm.com/en/blog/qnb-bank-turkish-citizenship-by-investment-why-investors-choose-qnb-in-2026/,,False,True
https://igalawfirm.com/ar/blog/real-estate-vs-bank-deposit-vs-bes-for-turkish-citizenship-a-legal-and-strategic-comparison-2026/,ar,Real Estate vs Bank Deposit vs BES for Turkish Citizenship: A Legal Comparison (2026) | IGA Law Firm,Real Estate vs Bank Deposit vs BES for Turkish Citizenship: A Legal Comparison (2026). معلومات قانونية عن الجنسية التركية وطرق الاستثمار ووثائق الأسرة وتخطيط الطلب.,Real Estate vs Bank Deposit vs BES for Turkish Citizenship: A Legal Comparison (2026),https://igalawfirm.com/en/blog/real-estate-vs-bank-deposit-vs-bes-for-turkish-citizenship-a-legal-and-strategic-comparison-2026/,,False,True
https://igalawfirm.com/ar/blog/step-by-step-guide-turkish-id-card-passport-appointment-after-citizenship-approval/,ar,A Guide to Turkish ID Card & Passport Appointments | IGA Law Firm,A Guide to Turkish ID Card & Passport Appointments. معلومات قانونية عن الجنسية التركية وطرق الاستثمار ووثائق الأسرة وتخطيط الطلب.,A Guide to Turkish ID Card & Passport Appointments,https://igalawfirm.com/en/blog/step-by-step-guide-turkish-id-card-passport-appointment-after-citizenship-approval/,,False,True
https://igalawfirm.com/ar/blog/success-stories-newly-approved-turkish-citizenship-turkish-id-cards/,ar,Turkish Citizenship Approvals and ID Cards: Client Milestones | IGA Law Firm,Turkish Citizenship Approvals and ID Cards: Client Milestones. معلومات قانونية عن الجنسية التركية وطرق الاستثمار ووثائق الأسرة وتخطيط الطلب.,Turkish Citizenship Approvals and ID Cards: Client Milestones,https://igalawfirm.com/en/blog/success-stories-newly-approved-turkish-citizenship-turkish-id-cards/,,False,True
https://igalawfirm.com/ar/blog/turkey-20-year-tax-exemption-and-1-inheritance-tax-advantage-for-foreign-investors/,ar,Turkey 20-Year Tax Exemption and 1% Inheritance Tax Advantage for Foreign Investors | IGA Law Firm,Turkey 20-Year Tax Exemption and 1% Inheritance Tax Advantage for Foreign Investors. معلومات قانونية عن الجنسية التركية وطرق الاستثمار ووثائق الأسرة وتخطيط الطلب.,Turkey 20-Year Tax Exemption and 1% Inheritance Tax Advantage for Foreign Investors,https://igalawfirm.com/en/blog/turkey-20-year-tax-exemption-and-1-inheritance-tax-advantage-for-foreign-investors/,,False,True
https://igalawfirm.com/ar/blog/turkey-china-immigration-investment-cooperation/,ar,Building Legal Bridges Between Turkey and China in Investment Migration | IGA Law Firm,Building Legal Bridges Between Turkey and China in Investment Migration. رؤى عن الاستثمار والهجرة العابرة للحدود المرتبطة بتركيا.,Building Legal Bridges Between Turkey and China in Investment Migration,https://igalawfirm.com/en/blog/turkey-china-immigration-investment-cooperation/,,False,True
https://igalawfirm.com/ar/blog/turkey-citizenship-by-investment-bes-fund-route-explained-legal-structure-process-latest-succes/,ar,"Turkey Citizenship by Investment BES Fund Route: Legal Structure, Process & Recent Case | IGA Law Firm","Turkey Citizenship by Investment BES Fund Route: Legal Structure, Process & Recent Case. معلومات قانونية عن الجنسية التركية وطرق الاستثمار ووثائق الأسرة وتخطيط الطلب.","Turkey Citizenship by Investment BES Fund Route: Legal Structure, Process & Recent Case",https://igalawfirm.com/en/blog/turkey-citizenship-by-investment-bes-fund-route-explained-legal-structure-process-latest-succes/,,False,True
https://igalawfirm.com/ar/blog/turkish-citizenship-by-bank-deposit-2025-complete-and-detailed-process-guide/,ar,Turkish Citizenship by Bank Deposit: A Process Guide | IGA Law Firm,Turkish Citizenship by Bank Deposit: A Process Guide. معلومات قانونية عن الجنسية التركية وطرق الاستثمار ووثائق الأسرة وتخطيط الطلب.,Turkish Citizenship by Bank Deposit: A Process Guide,https://igalawfirm.com/en/blog/turkish-citizenship-by-bank-deposit-2025-complete-and-detailed-process-guide/,,False,True
https://igalawfirm.com/ar/blog/turkish-citizenship-by-bank-deposit-real-case-study-after-3-years-500-000-usd-600-000-usd/,ar,Turkish Citizenship by Bank Deposit: A Real Case Study After 3 Years | IGA Law Firm,Turkish Citizenship by Bank Deposit: A Real Case Study After 3 Years. معلومات قانونية عن الجنسية التركية وطرق الاستثمار ووثائق الأسرة وتخطيط الطلب.,Turkish Citizenship by Bank Deposit: A Real Case Study After 3 Years,https://igalawfirm.com/en/blog/turkish-citizenship-by-bank-deposit-real-case-study-after-3-years-500-000-usd-600-000-usd/,,False,True
https://igalawfirm.com/ar/blog/turkish-citizenship-by-investment-2026-legal-process-investment-options/,ar,Turkish Citizenship by Investment 2026: Legal Process & Investment Options | IGA Law Firm,Turkish Citizenship by Investment 2026: Legal Process & Investment Options. معلومات قانونية عن الجنسية التركية وطرق الاستثمار ووثائق الأسرة وتخطيط الطلب.,Turkish Citizenship by Investment 2026: Legal Process & Investment Options,https://igalawfirm.com/en/blog/turkish-citizenship-by-investment-2026-legal-process-investment-options/,,False,True
https://igalawfirm.com/ar/blog/turkish-citizenship-by-investment-and-turkish-name-selection-an-overlooked-advantage-for-internatio/,ar,Turkish Citizenship by Investment and Turkish Name Selection: An Overlooked Advantage for International Investors | IGA Law Firm,Turkish Citizenship by Investment and Turkish Name Selection: An Overlooked Advantage for International Investors. معلومات قانونية عن الجنسية التركية وطرق الاستثمار ووثائق الأسرة وتخطيط الطلب.,Turkish Citizenship by Investment and Turkish Name Selection: An Overlooked Advantage for International Investors,https://igalawfirm.com/en/blog/turkish-citizenship-by-investment-and-turkish-name-selection-an-overlooked-advantage-for-internatio/,,False,True
https://igalawfirm.com/ar/blog/turkish-citizenship-by-investment-bes-allianz-funds-and-best-portfolio-strategy-2026-guide/,ar,Turkish Citizenship by Investment BES: Allianz Funds and Portfolio Strategy (2026 Guide) | IGA Law Firm,Turkish Citizenship by Investment BES: Allianz Funds and Portfolio Strategy (2026 Guide). معلومات قانونية عن الجنسية التركية وطرق الاستثمار ووثائق الأسرة وتخطيط الطلب.,Turkish Citizenship by Investment BES: Allianz Funds and Portfolio Strategy (2026 Guide),https://igalawfirm.com/en/blog/turkish-citizenship-by-investment-bes-allianz-funds-and-best-portfolio-strategy-2026-guide/,,False,True
https://igalawfirm.com/ar/blog/turkish-citizenship-by-investment-through-real-estate-a-lawyer-s-guide-to-choosing-the-right-proper/,ar,Turkish Citizenship by Investment Through Real Estate: A Lawyer’s Guide to Choosing the Right Property in 2026 | IGA Law Firm,Turkish Citizenship by Investment Through Real Estate: A Lawyer’s Guide to Choosing the Right Property in 2026. معلومات قانونية عن الجنسية التركية وطرق الاستثمار ووثائق الأسرة وتخطيط الطلب.,Turkish Citizenship by Investment Through Real Estate: A Lawyer’s Guide to Choosing the Right Property in 2026,https://igalawfirm.com/en/blog/turkish-citizenship-by-investment-through-real-estate-a-lawyer-s-guide-to-choosing-the-right-proper/,,False,True
https://igalawfirm.com/ar/blog/turkish-citizenship-by-investment-via-allianz-bes-secure-500-000-strategy-with-gold-funds-2026/,ar,"Turkish Citizenship by Investment via Allianz BES: Secure $500,000 Strategy with Gold Funds (2026) | IGA Law Firm","Turkish Citizenship by Investment via Allianz BES: Secure $500,000 Strategy with Gold Funds (2026). معلومات قانونية عن الجنسية التركية وطرق الاستثمار ووثائق الأسرة وتخطيط الطلب.","Turkish Citizenship by Investment via Allianz BES: Secure $500,000 Strategy with Gold Funds (2026)",https://igalawfirm.com/en/blog/turkish-citizenship-by-investment-via-allianz-bes-secure-500-000-strategy-with-gold-funds-2026/,,False,True
https://igalawfirm.com/ar/blog/turkish-citizenship-for-chinese-citizens-in-2026-documents-hukou-apostille-family-guide/,ar,"Turkish Citizenship for Chinese Citizens in 2026: Documents, Hukou, Apostille & Family Guide | IGA Law Firm","Turkish Citizenship for Chinese Citizens in 2026: Documents, Hukou, Apostille & Family Guide. معلومات قانونية عن الجنسية التركية وطرق الاستثمار ووثائق الأسرة وتخطيط الطلب.","Turkish Citizenship for Chinese Citizens in 2026: Documents, Hukou, Apostille & Family Guide",https://igalawfirm.com/en/blog/turkish-citizenship-for-chinese-citizens-in-2026-documents-hukou-apostille-family-guide/,,False,True
https://igalawfirm.com/ar/blog/turkish-citizenship-property-sale-after-3-years-how-to-sell-your-property-investment-in-turkey/,ar,Turkish Citizenship Property Sale After 3 Years: How to Sell Your Property Investment | IGA Law Firm,Turkish Citizenship Property Sale After 3 Years: How to Sell Your Property Investment. معلومات عملية عن عقارات إسطنبول والفحص القانوني والاستثمار العقاري في تركيا.,Turkish Citizenship Property Sale After 3 Years: How to Sell Your Property Investment,https://igalawfirm.com/en/blog/turkish-citizenship-property-sale-after-3-years-how-to-sell-your-property-investment-in-turkey/,,False,True
https://igalawfirm.com/ar/blog/turkish-citizenship-through-bes-a-secure-path-for-foreign-investors/,ar,Turkish Citizenship through the Private Pension Scheme (BES) | IGA Law Firm,Turkish Citizenship through the Private Pension Scheme (BES). معلومات قانونية عن الجنسية التركية وطرق الاستثمار ووثائق الأسرة وتخطيط الطلب.,Turkish Citizenship through the Private Pension Scheme (BES),https://igalawfirm.com/en/blog/turkish-citizenship-through-bes-a-secure-path-for-foreign-investors/,,False,True
https://igalawfirm.com/ar/contact/,ar,اتصل بنا | IGA Law Firm,أخبرنا بإيجاز عن موضوعك، وسيساعدك فريقنا في إسطنبول على فهم الخطوة التالية.,لنناقش خطوتك التالية.,https://igalawfirm.com/ar/contact/,en=https://igalawfirm.com/en/contact/ ; tr=https://igalawfirm.com/tr/contact/ ; zh-CN=https://igalawfirm.com/zh/contact/ ; ar=https://igalawfirm.com/ar/contact/,True,True
https://igalawfirm.com/ar/igalawcorporatelaw/,ar,قانون الشركات والتجارة | IGA Law Firm,حلول قانونية للشركات العاملة في تركيا أو الداخلة إلى سوقها.,قانون الشركات والتجارة,https://igalawfirm.com/ar/igalawcorporatelaw/,en=https://igalawfirm.com/en/igalawcorporatelaw/ ; tr=https://igalawfirm.com/tr/igalawcorporatelaw/ ; zh-CN=https://igalawfirm.com/zh/igalawcorporatelaw/ ; ar=https://igalawfirm.com/ar/igalawcorporatelaw/,True,True
https://igalawfirm.com/ar/igalawdocumentation/,ar,استخراج الوثائق وتصديقها | IGA Law Firm,دعم في الوثائق التركية والتوثيق والأبوستيل والترجمة والإجراءات القنصلية.,استخراج الوثائق وتصديقها,https://igalawfirm.com/ar/igalawdocumentation/,en=https://igalawfirm.com/en/igalawdocumentation/ ; tr=https://igalawfirm.com/tr/igalawdocumentation/ ; zh-CN=https://igalawfirm.com/zh/igalawdocumentation/ ; ar=https://igalawfirm.com/ar/igalawdocumentation/,True,True
https://igalawfirm.com/ar/igalawlegalconsultancy/,ar,الاستشارات القانونية | IGA Law Firm,مشورة قانونية مخصصة للأفراد والمستثمرين والشركات في إطار القانون التركي.,الاستشارات القانونية,https://igalawfirm.com/ar/igalawlegalconsultancy/,en=https://igalawfirm.com/en/igalawlegalconsultancy/ ; tr=https://igalawfirm.com/tr/igalawlegalconsultancy/ ; zh-CN=https://igalawfirm.com/zh/igalawlegalconsultancy/ ; ar=https://igalawfirm.com/ar/igalawlegalconsultancy/,True,True
https://igalawfirm.com/ar/igalawlitigation/,ar,التقاضي وتسوية النزاعات | IGA Law Firm,تمثيل قانوني في القضايا المدنية والتجارية والإدارية أمام المحاكم التركية.,التقاضي وتسوية النزاعات,https://igalawfirm.com/ar/igalawlitigation/,en=https://igalawfirm.com/en/igalawlitigation/ ; tr=https://igalawfirm.com/tr/igalawlitigation/ ; zh-CN=https://igalawfirm.com/zh/igalawlitigation/ ; ar=https://igalawfirm.com/ar/igalawlitigation/,True,True
https://igalawfirm.com/ar/igalawrealestateduediligence/,ar,الفحص القانوني للعقارات | IGA Law Firm,فحص الملكية وتقييم المخاطر ومراجعة العقود قبل شراء العقار.,الفحص القانوني للعقارات,https://igalawfirm.com/ar/igalawrealestateduediligence/,en=https://igalawfirm.com/en/igalawrealestateduediligence/ ; tr=https://igalawfirm.com/tr/igalawrealestateduediligence/ ; zh-CN=https://igalawfirm.com/zh/igalawrealestateduediligence/ ; ar=https://igalawfirm.com/ar/igalawrealestateduediligence/,True,True
https://igalawfirm.com/ar/igalawresidencepermit/,ar,تصاريح الإقامة | IGA Law Firm,إرشاد للأفراد والأسر في طلبات الإقامة القصيرة والطويلة الأجل.,تصاريح الإقامة,https://igalawfirm.com/ar/igalawresidencepermit/,en=https://igalawfirm.com/en/igalawresidencepermit/ ; tr=https://igalawfirm.com/tr/igalawresidencepermit/ ; zh-CN=https://igalawfirm.com/zh/igalawresidencepermit/ ; ar=https://igalawfirm.com/ar/igalawresidencepermit/,True,True
https://igalawfirm.com/ar/igalawworkpermit/,ar,تصاريح العمل | IGA Law Firm,دعم للأفراد الأجانب والشركات للحصول على تصريح عمل نظامي في تركيا.,تصاريح العمل,https://igalawfirm.com/ar/igalawworkpermit/,en=https://igalawfirm.com/en/igalawworkpermit/ ; tr=https://igalawfirm.com/tr/igalawworkpermit/ ; zh-CN=https://igalawfirm.com/zh/igalawworkpermit/ ; ar=https://igalawfirm.com/ar/igalawworkpermit/,True,True
https://igalawfirm.com/ar/,ar,IGA Law Firm | استشارات قانونية دولية في إسطنبول,مكتب IGA للمحاماة مكتب قانوني متخصص مقره إسطنبول، يركز على الجنسية التركية عبر الاستثمار وقانون الهجرة والاستشارات القانونية العابرة للحدود للمستثمرين والأسر الدوليين.,ابدأ خطوتك التالية بوضوح وثقة.,https://igalawfirm.com/ar/,en=https://igalawfirm.com/en/ ; tr=https://igalawfirm.com/tr/ ; zh-CN=https://igalawfirm.com/zh/ ; ar=https://igalawfirm.com/ar/,True,True
https://igalawfirm.com/ar/services/,ar,مجالات العمل | IGA Law Firm,دعم قانوني عملي ومخصص للقرارات التي تؤثر في حياتك وأعمالك في تركيا.,وضوح قانوني في كل خطوة.,https://igalawfirm.com/ar/services/,en=https://igalawfirm.com/en/services/ ; tr=https://igalawfirm.com/tr/services/ ; zh-CN=https://igalawfirm.com/zh/services/ ; ar=https://igalawfirm.com/ar/services/,True,True
https://igalawfirm.com/ar/team/,ar,فريقنا | IGA Law Firm,دعم قانوني عملي ومخصص للقرارات التي تؤثر في حياتك وأعمالك في تركيا.,تعرف على فريقنا,https://igalawfirm.com/ar/team/,en=https://igalawfirm.com/en/team/ ; tr=https://igalawfirm.com/tr/team/ ; zh-CN=https://igalawfirm.com/zh/team/ ; ar=https://igalawfirm.com/ar/team/,True,True
https://igalawfirm.com/ar/turkish-citizenship-by-investment/,ar,الجنسية التركية عبر الاستثمار: الشروط والخيارات | IGA للمحاماة,دليل للشروط وطرق الاستثمار السبع والحدود المالية وفترات الاحتفاظ بالاستثمار ومتطلبات الفحص قبل التقديم.,الجنسية التركية عبر الاستثمار: الشروط والخيارات,https://igalawfirm.com/ar/turkish-citizenship-by-investment/,en=https://igalawfirm.com/en/turkish-citizenship-by-investment/ ; tr=https://igalawfirm.com/tr/yatirim-yoluyla-turk-vatandasligi/ ; zh-CN=https://igalawfirm.com/zh/tuerqi-touzi-ruji/ ; ar=https://igalawfirm.com/ar/turkish-citizenship-by-investment/,True,True
https://igalawfirm.com/ar/turkish-citizenship-by-investment-lawyer/,ar,محامي الجنسية التركية عبر الاستثمار في إسطنبول | IGA للمحاماة,مساعدة قانونية للمستثمرين والأسر في فحص الاستثمار والوثائق وتقرير المطابقة وتنسيق طلب الجنسية التركية.,محامي الجنسية التركية عبر الاستثمار في إسطنبول,https://igalawfirm.com/ar/turkish-citizenship-by-investment-lawyer/,en=https://igalawfirm.com/en/turkish-citizenship-by-investment-lawyer/ ; tr=https://igalawfirm.com/tr/yatirim-yoluyla-turk-vatandasligi-avukati/ ; zh-CN=https://igalawfirm.com/zh/tuerqi-touzi-ruji-lushi/ ; ar=https://igalawfirm.com/ar/turkish-citizenship-by-investment-lawyer/,True,True
https://igalawfirm.com/en/about/,en,Our vision | IGA Law Firm,"Practical, personal legal support for the decisions that shape your life and business in Türkiye.",Local understanding. International perspective.,https://igalawfirm.com/en/about/,en=https://igalawfirm.com/en/about/ ; tr=https://igalawfirm.com/tr/about/ ; zh-CN=https://igalawfirm.com/zh/about/ ; ar=https://igalawfirm.com/ar/about/,True,True
https://igalawfirm.com/en/blog/2025-tl-deposit-usd-yield-full-return-analysis-for-foreign-investors-exiting-kkm-in-february-2025/,en,2025 TL Deposit USD Yield: Return Analysis for Foreign Investors | IGA Law Firm,"2025 TL Deposit USD Yield: Return Analysis for Foreign Investors. Legal perspectives on Turkish citizenship, investment routes, family documents and application planning.",2025 TL Deposit USD Yield: Return Analysis for Foreign Investors,https://igalawfirm.com/en/blog/2025-tl-deposit-usd-yield-full-return-analysis-for-foreign-investors-exiting-kkm-in-february-2025/,,True,True
https://igalawfirm.com/en/blog/bank-deposit-for-turkish-citizenship-how-a-usd-500-000-investment-became-usd-620-640-and-was-safely/,en,"Bank Deposit for Turkish Citizenship: A $500,000 Investment Becomes $620,640 | IGA Law Firm","Bank Deposit for Turkish Citizenship: A $500,000 Investment Becomes $620,640. Legal perspectives on Turkish citizenship, investment routes, family documents and application planning.","Bank Deposit for Turkish Citizenship: A $500,000 Investment Becomes $620,640",https://igalawfirm.com/en/blog/bank-deposit-for-turkish-citizenship-how-a-usd-500-000-investment-became-usd-620-640-and-was-safely/,,True,True
https://igalawfirm.com/en/blog/bes-for-turkish-citizenship-2026-10-key-legal-questions-answered-by-a-lawyer/,en,BES for Turkish Citizenship (2026): 10 Key Legal Questions Answered by a Lawyer | IGA Law Firm,"BES for Turkish Citizenship (2026): 10 Key Legal Questions Answered by a Lawyer. Legal perspectives on Turkish citizenship, investment routes, family documents and application planning.",BES for Turkish Citizenship (2026): 10 Key Legal Questions Answered by a Lawyer,https://igalawfirm.com/en/blog/bes-for-turkish-citizenship-2026-10-key-legal-questions-answered-by-a-lawyer/,,True,True
https://igalawfirm.com/en/blog/can-you-apply-for-turkish-citizenship-without-a-birth-certificate/,en,Can You Apply for Turkish Citizenship Without a Birth Certificate? | IGA Law Firm,"Can You Apply for Turkish Citizenship Without a Birth Certificate?. Legal perspectives on Turkish citizenship, investment routes, family documents and application planning.",Can You Apply for Turkish Citizenship Without a Birth Certificate?,https://igalawfirm.com/en/blog/can-you-apply-for-turkish-citizenship-without-a-birth-certificate/,,True,True
https://igalawfirm.com/en/blog/crs-reporting-in-turkey-turkish-citizenship-by-investment-what-investors-should-know/,en,CRS Reporting in Turkey & Turkish Citizenship by Investment: What Investors Should Know | IGA Law Firm,"CRS Reporting in Turkey & Turkish Citizenship by Investment: What Investors Should Know. Legal perspectives on Turkish citizenship, investment routes, family documents and application planning.",CRS Reporting in Turkey & Turkish Citizenship by Investment: What Investors Should Know,https://igalawfirm.com/en/blog/crs-reporting-in-turkey-turkish-citizenship-by-investment-what-investors-should-know/,,True,True
https://igalawfirm.com/en/blog/fund-investment-for-turkish-citizenship-legal-structure-of-the-bes-fund-institutional-background/,en,Fund Investment for Turkish Citizenship: BES Legal Structure and Institutional Background | IGA Law Firm,"Fund Investment for Turkish Citizenship: BES Legal Structure and Institutional Background. Legal perspectives on Turkish citizenship, investment routes, family documents and application planning.",Fund Investment for Turkish Citizenship: BES Legal Structure and Institutional Background,https://igalawfirm.com/en/blog/fund-investment-for-turkish-citizenship-legal-structure-of-the-bes-fund-institutional-background/,,True,True
https://igalawfirm.com/en/blog/iga-law-firm-is-growing-a-new-chapter-at-our-new-office/,en,IGA Law Firm Is Growing: A New Chapter at Our New Office | IGA Law Firm,"IGA Law Firm Is Growing: A New Chapter at Our New Office. Updates about IGA Law Firm, our team and our work in Istanbul.",IGA Law Firm Is Growing: A New Chapter at Our New Office,https://igalawfirm.com/en/blog/iga-law-firm-is-growing-a-new-chapter-at-our-new-office/,,True,True
https://igalawfirm.com/en/blog/,en,Blog | IGA Law Firm,"Practical perspectives on Turkish citizenship, investment, immigration and business law.",Blog,https://igalawfirm.com/en/blog/,en=https://igalawfirm.com/en/blog/ ; tr=https://igalawfirm.com/tr/blog/ ; zh-CN=https://igalawfirm.com/zh/blog/ ; ar=https://igalawfirm.com/ar/blog/,True,True
https://igalawfirm.com/en/blog/most-preferred-areas-by-real-estate-investors-in-istanbul-2026-iga-law-firm/,en,Most Preferred Areas by Real Estate Investors in Istanbul 2026 | IGA Law Firm,"Most Preferred Areas by Real Estate Investors in Istanbul 2026. Practical perspectives on Istanbul property, legal due diligence and real estate investment in Türkiye.",Most Preferred Areas by Real Estate Investors in Istanbul 2026,https://igalawfirm.com/en/blog/most-preferred-areas-by-real-estate-investors-in-istanbul-2026-iga-law-firm/,,True,True
https://igalawfirm.com/en/blog/qnb-bank-turkish-citizenship-by-investment-why-investors-choose-qnb-in-2026/,en,QNB Bank — Turkish Citizenship by Investment: Why Investors Choose QNB in 2026 | IGA Law Firm,"QNB Bank — Turkish Citizenship by Investment: Why Investors Choose QNB in 2026. Legal perspectives on Turkish citizenship, investment routes, family documents and application planning.",QNB Bank — Turkish Citizenship by Investment: Why Investors Choose QNB in 2026,https://igalawfirm.com/en/blog/qnb-bank-turkish-citizenship-by-investment-why-investors-choose-qnb-in-2026/,,True,True
https://igalawfirm.com/en/blog/real-estate-vs-bank-deposit-vs-bes-for-turkish-citizenship-a-legal-and-strategic-comparison-2026/,en,Real Estate vs Bank Deposit vs BES for Turkish Citizenship: A Legal Comparison (2026) | IGA Law Firm,"Real Estate vs Bank Deposit vs BES for Turkish Citizenship: A Legal Comparison (2026). Legal perspectives on Turkish citizenship, investment routes, family documents and application planning.",Real Estate vs Bank Deposit vs BES for Turkish Citizenship: A Legal Comparison (2026),https://igalawfirm.com/en/blog/real-estate-vs-bank-deposit-vs-bes-for-turkish-citizenship-a-legal-and-strategic-comparison-2026/,,True,True
https://igalawfirm.com/en/blog/step-by-step-guide-turkish-id-card-passport-appointment-after-citizenship-approval/,en,A Guide to Turkish ID Card & Passport Appointments | IGA Law Firm,"A Guide to Turkish ID Card & Passport Appointments. Legal perspectives on Turkish citizenship, investment routes, family documents and application planning.",A Guide to Turkish ID Card & Passport Appointments,https://igalawfirm.com/en/blog/step-by-step-guide-turkish-id-card-passport-appointment-after-citizenship-approval/,,True,True
https://igalawfirm.com/en/blog/success-stories-newly-approved-turkish-citizenship-turkish-id-cards/,en,Turkish Citizenship Approvals and ID Cards: Client Milestones | IGA Law Firm,"Turkish Citizenship Approvals and ID Cards: Client Milestones. Legal perspectives on Turkish citizenship, investment routes, family documents and application planning.",Turkish Citizenship Approvals and ID Cards: Client Milestones,https://igalawfirm.com/en/blog/success-stories-newly-approved-turkish-citizenship-turkish-id-cards/,,True,True
https://igalawfirm.com/en/blog/turkey-20-year-tax-exemption-and-1-inheritance-tax-advantage-for-foreign-investors/,en,Turkey 20-Year Tax Exemption and 1% Inheritance Tax Advantage for Foreign Investors | IGA Law Firm,"Turkey 20-Year Tax Exemption and 1% Inheritance Tax Advantage for Foreign Investors. Legal perspectives on Turkish citizenship, investment routes, family documents and application planning.",Turkey 20-Year Tax Exemption and 1% Inheritance Tax Advantage for Foreign Investors,https://igalawfirm.com/en/blog/turkey-20-year-tax-exemption-and-1-inheritance-tax-advantage-for-foreign-investors/,,True,True
https://igalawfirm.com/en/blog/turkey-china-immigration-investment-cooperation/,en,Building Legal Bridges Between Turkey and China in Investment Migration | IGA Law Firm,Building Legal Bridges Between Turkey and China in Investment Migration. Cross-border perspectives on investment migration involving Türkiye.,Building Legal Bridges Between Turkey and China in Investment Migration,https://igalawfirm.com/en/blog/turkey-china-immigration-investment-cooperation/,,True,True
https://igalawfirm.com/en/blog/turkey-citizenship-by-investment-bes-fund-route-explained-legal-structure-process-latest-succes/,en,"Turkey Citizenship by Investment BES Fund Route: Legal Structure, Process & Recent Case | IGA Law Firm","Turkey Citizenship by Investment BES Fund Route: Legal Structure, Process & Recent Case. Legal perspectives on Turkish citizenship, investment routes, family documents and application planning.","Turkey Citizenship by Investment BES Fund Route: Legal Structure, Process & Recent Case",https://igalawfirm.com/en/blog/turkey-citizenship-by-investment-bes-fund-route-explained-legal-structure-process-latest-succes/,,True,True
https://igalawfirm.com/en/blog/turkish-citizenship-by-bank-deposit-2025-complete-and-detailed-process-guide/,en,Turkish Citizenship by Bank Deposit: A Process Guide | IGA Law Firm,"Turkish Citizenship by Bank Deposit: A Process Guide. Legal perspectives on Turkish citizenship, investment routes, family documents and application planning.",Turkish Citizenship by Bank Deposit: A Process Guide,https://igalawfirm.com/en/blog/turkish-citizenship-by-bank-deposit-2025-complete-and-detailed-process-guide/,,True,True
https://igalawfirm.com/en/blog/turkish-citizenship-by-bank-deposit-real-case-study-after-3-years-500-000-usd-600-000-usd/,en,Turkish Citizenship by Bank Deposit: A Real Case Study After 3 Years | IGA Law Firm,"Turkish Citizenship by Bank Deposit: A Real Case Study After 3 Years. Legal perspectives on Turkish citizenship, investment routes, family documents and application planning.",Turkish Citizenship by Bank Deposit: A Real Case Study After 3 Years,https://igalawfirm.com/en/blog/turkish-citizenship-by-bank-deposit-real-case-study-after-3-years-500-000-usd-600-000-usd/,,True,True
https://igalawfirm.com/en/blog/turkish-citizenship-by-investment-2026-legal-process-investment-options/,en,Turkish Citizenship by Investment 2026: Legal Process & Investment Options | IGA Law Firm,"Turkish Citizenship by Investment 2026: Legal Process & Investment Options. Legal perspectives on Turkish citizenship, investment routes, family documents and application planning.",Turkish Citizenship by Investment 2026: Legal Process & Investment Options,https://igalawfirm.com/en/blog/turkish-citizenship-by-investment-2026-legal-process-investment-options/,,True,True
https://igalawfirm.com/en/blog/turkish-citizenship-by-investment-and-turkish-name-selection-an-overlooked-advantage-for-internatio/,en,Turkish Citizenship by Investment and Turkish Name Selection: An Overlooked Advantage for International Investors | IGA Law Firm,"Turkish Citizenship by Investment and Turkish Name Selection: An Overlooked Advantage for International Investors. Legal perspectives on Turkish citizenship, investment routes, family documents and application planning.",Turkish Citizenship by Investment and Turkish Name Selection: An Overlooked Advantage for International Investors,https://igalawfirm.com/en/blog/turkish-citizenship-by-investment-and-turkish-name-selection-an-overlooked-advantage-for-internatio/,,True,True
https://igalawfirm.com/en/blog/turkish-citizenship-by-investment-bes-allianz-funds-and-best-portfolio-strategy-2026-guide/,en,Turkish Citizenship by Investment BES: Allianz Funds and Portfolio Strategy (2026 Guide) | IGA Law Firm,"Turkish Citizenship by Investment BES: Allianz Funds and Portfolio Strategy (2026 Guide). Legal perspectives on Turkish citizenship, investment routes, family documents and application planning.",Turkish Citizenship by Investment BES: Allianz Funds and Portfolio Strategy (2026 Guide),https://igalawfirm.com/en/blog/turkish-citizenship-by-investment-bes-allianz-funds-and-best-portfolio-strategy-2026-guide/,,True,True
https://igalawfirm.com/en/blog/turkish-citizenship-by-investment-through-real-estate-a-lawyer-s-guide-to-choosing-the-right-proper/,en,Turkish Citizenship by Investment Through Real Estate: A Lawyer’s Guide to Choosing the Right Property in 2026 | IGA Law Firm,"Turkish Citizenship by Investment Through Real Estate: A Lawyer’s Guide to Choosing the Right Property in 2026. Legal perspectives on Turkish citizenship, investment routes, family documents and application planning.",Turkish Citizenship by Investment Through Real Estate: A Lawyer’s Guide to Choosing the Right Property in 2026,https://igalawfirm.com/en/blog/turkish-citizenship-by-investment-through-real-estate-a-lawyer-s-guide-to-choosing-the-right-proper/,,True,True
https://igalawfirm.com/en/blog/turkish-citizenship-by-investment-via-allianz-bes-secure-500-000-strategy-with-gold-funds-2026/,en,"Turkish Citizenship by Investment via Allianz BES: Secure $500,000 Strategy with Gold Funds (2026) | IGA Law Firm","Turkish Citizenship by Investment via Allianz BES: Secure $500,000 Strategy with Gold Funds (2026). Legal perspectives on Turkish citizenship, investment routes, family documents and application planning.","Turkish Citizenship by Investment via Allianz BES: Secure $500,000 Strategy with Gold Funds (2026)",https://igalawfirm.com/en/blog/turkish-citizenship-by-investment-via-allianz-bes-secure-500-000-strategy-with-gold-funds-2026/,,True,True
https://igalawfirm.com/en/blog/turkish-citizenship-for-chinese-citizens-in-2026-documents-hukou-apostille-family-guide/,en,"Turkish Citizenship for Chinese Citizens in 2026: Documents, Hukou, Apostille & Family Guide | IGA Law Firm","Turkish Citizenship for Chinese Citizens in 2026: Documents, Hukou, Apostille & Family Guide. Legal perspectives on Turkish citizenship, investment routes, family documents and application planning.","Turkish Citizenship for Chinese Citizens in 2026: Documents, Hukou, Apostille & Family Guide",https://igalawfirm.com/en/blog/turkish-citizenship-for-chinese-citizens-in-2026-documents-hukou-apostille-family-guide/,,True,True
https://igalawfirm.com/en/blog/turkish-citizenship-property-sale-after-3-years-how-to-sell-your-property-investment-in-turkey/,en,Turkish Citizenship Property Sale After 3 Years: How to Sell Your Property Investment | IGA Law Firm,"Turkish Citizenship Property Sale After 3 Years: How to Sell Your Property Investment. Practical perspectives on Istanbul property, legal due diligence and real estate investment in Türkiye.",Turkish Citizenship Property Sale After 3 Years: How to Sell Your Property Investment,https://igalawfirm.com/en/blog/turkish-citizenship-property-sale-after-3-years-how-to-sell-your-property-investment-in-turkey/,,True,True
https://igalawfirm.com/en/blog/turkish-citizenship-through-bes-a-secure-path-for-foreign-investors/,en,Turkish Citizenship through the Private Pension Scheme (BES) | IGA Law Firm,"Turkish Citizenship through the Private Pension Scheme (BES). Legal perspectives on Turkish citizenship, investment routes, family documents and application planning.",Turkish Citizenship through the Private Pension Scheme (BES),https://igalawfirm.com/en/blog/turkish-citizenship-through-bes-a-secure-path-for-foreign-investors/,,True,True
https://igalawfirm.com/en/contact/,en,Contact | IGA Law Firm,Share a little about the matter you are considering. Our Istanbul team will help you understand the next step.,Tell us what comes next.,https://igalawfirm.com/en/contact/,en=https://igalawfirm.com/en/contact/ ; tr=https://igalawfirm.com/tr/contact/ ; zh-CN=https://igalawfirm.com/zh/contact/ ; ar=https://igalawfirm.com/ar/contact/,True,True
https://igalawfirm.com/en/igalawcorporatelaw/,en,Corporate & Commercial Law | IGA Law Firm,Business-minded legal solutions for companies operating in or entering Türkiye.,Corporate & Commercial Law,https://igalawfirm.com/en/igalawcorporatelaw/,en=https://igalawfirm.com/en/igalawcorporatelaw/ ; tr=https://igalawfirm.com/tr/igalawcorporatelaw/ ; zh-CN=https://igalawfirm.com/zh/igalawcorporatelaw/ ; ar=https://igalawfirm.com/ar/igalawcorporatelaw/,True,True
https://igalawfirm.com/en/igalawdocumentation/,en,Documentation & Legalization | IGA Law Firm,"End-to-end assistance with Turkish documents, notarization, apostilles, translations and consular procedures.",Documentation & Legalization,https://igalawfirm.com/en/igalawdocumentation/,en=https://igalawfirm.com/en/igalawdocumentation/ ; tr=https://igalawfirm.com/tr/igalawdocumentation/ ; zh-CN=https://igalawfirm.com/zh/igalawdocumentation/ ; ar=https://igalawfirm.com/ar/igalawdocumentation/,True,True
https://igalawfirm.com/en/igalawlegalconsultancy/,en,Legal Consultancy | IGA Law Firm,"Tailored legal advice for individuals, investors and businesses navigating Turkish law.",Legal Consultancy,https://igalawfirm.com/en/igalawlegalconsultancy/,en=https://igalawfirm.com/en/igalawlegalconsultancy/ ; tr=https://igalawfirm.com/tr/igalawlegalconsultancy/ ; zh-CN=https://igalawfirm.com/zh/igalawlegalconsultancy/ ; ar=https://igalawfirm.com/ar/igalawlegalconsultancy/,True,True
https://igalawfirm.com/en/igalawlitigation/,en,Litigation & Dispute Resolution | IGA Law Firm,"Strategic representation in civil, commercial and administrative matters before Turkish courts.",Litigation & Dispute Resolution,https://igalawfirm.com/en/igalawlitigation/,en=https://igalawfirm.com/en/igalawlitigation/ ; tr=https://igalawfirm.com/tr/igalawlitigation/ ; zh-CN=https://igalawfirm.com/zh/igalawlitigation/ ; ar=https://igalawfirm.com/ar/igalawlitigation/,True,True
https://igalawfirm.com/en/igalawrealestateduediligence/,en,Real Estate Due Diligence | IGA Law Firm,"Title checks, legal risk assessment and contract review before a property purchase.",Real Estate Due Diligence,https://igalawfirm.com/en/igalawrealestateduediligence/,en=https://igalawfirm.com/en/igalawrealestateduediligence/ ; tr=https://igalawfirm.com/tr/igalawrealestateduediligence/ ; zh-CN=https://igalawfirm.com/zh/igalawrealestateduediligence/ ; ar=https://igalawfirm.com/ar/igalawrealestateduediligence/,True,True
https://igalawfirm.com/en/igalawresidencepermit/,en,Residence Permit | IGA Law Firm,Guidance for short- and long-term residence permit applications for individuals and families.,Residence Permit,https://igalawfirm.com/en/igalawresidencepermit/,en=https://igalawfirm.com/en/igalawresidencepermit/ ; tr=https://igalawfirm.com/tr/igalawresidencepermit/ ; zh-CN=https://igalawfirm.com/zh/igalawresidencepermit/ ; ar=https://igalawfirm.com/ar/igalawresidencepermit/,True,True
https://igalawfirm.com/en/igalawworkpermit/,en,Work Permit | IGA Law Firm,Support for foreign nationals and companies seeking lawful work authorization in Türkiye.,Work Permit,https://igalawfirm.com/en/igalawworkpermit/,en=https://igalawfirm.com/en/igalawworkpermit/ ; tr=https://igalawfirm.com/tr/igalawworkpermit/ ; zh-CN=https://igalawfirm.com/zh/igalawworkpermit/ ; ar=https://igalawfirm.com/ar/igalawworkpermit/,True,True
https://igalawfirm.com/en/,en,IGA Law Firm | International Legal Counsel in Istanbul,"IGA Law Firm is a boutique practice based in Istanbul, specializing in investment-based Turkish citizenship, immigration law and cross-border legal advisory for international investors and families.",A clear path to your next chapter.,https://igalawfirm.com/en/,en=https://igalawfirm.com/en/ ; tr=https://igalawfirm.com/tr/ ; zh-CN=https://igalawfirm.com/zh/ ; ar=https://igalawfirm.com/ar/,True,True
https://igalawfirm.com/en/services/,en,Practice areas | IGA Law Firm,"Practical, personal legal support for the decisions that shape your life and business in Türkiye.",Legal clarity at every step.,https://igalawfirm.com/en/services/,en=https://igalawfirm.com/en/services/ ; tr=https://igalawfirm.com/tr/services/ ; zh-CN=https://igalawfirm.com/zh/services/ ; ar=https://igalawfirm.com/ar/services/,True,True
https://igalawfirm.com/en/team/,en,Our team | IGA Law Firm,"Practical, personal legal support for the decisions that shape your life and business in Türkiye.",Meet our team,https://igalawfirm.com/en/team/,en=https://igalawfirm.com/en/team/ ; tr=https://igalawfirm.com/tr/team/ ; zh-CN=https://igalawfirm.com/zh/team/ ; ar=https://igalawfirm.com/ar/team/,True,True
https://igalawfirm.com/en/turkish-citizenship-by-investment/,en,Turkish Citizenship by Investment: Requirements & Options | IGA Law Firm,"Explore Turkish citizenship by investment requirements, seven eligible investment routes, minimum amounts and three-year holding rules. Official sources and legal considerations.",Turkish Citizenship by Investment: Requirements and Options,https://igalawfirm.com/en/turkish-citizenship-by-investment/,en=https://igalawfirm.com/en/turkish-citizenship-by-investment/ ; tr=https://igalawfirm.com/tr/yatirim-yoluyla-turk-vatandasligi/ ; zh-CN=https://igalawfirm.com/zh/tuerqi-touzi-ruji/ ; ar=https://igalawfirm.com/ar/turkish-citizenship-by-investment/,True,True
https://igalawfirm.com/en/turkish-citizenship-by-investment-lawyer/,en,Turkish Citizenship by Investment Lawyer in Istanbul | IGA Law Firm,"IGA Law Firm advises investors and families on Turkish citizenship by investment, legal due diligence, application documents, conformity follow-up and filing.",Turkish Citizenship by Investment Lawyer in Istanbul,https://igalawfirm.com/en/turkish-citizenship-by-investment-lawyer/,en=https://igalawfirm.com/en/turkish-citizenship-by-investment-lawyer/ ; tr=https://igalawfirm.com/tr/yatirim-yoluyla-turk-vatandasligi-avukati/ ; zh-CN=https://igalawfirm.com/zh/tuerqi-touzi-ruji-lushi/ ; ar=https://igalawfirm.com/ar/turkish-citizenship-by-investment-lawyer/,True,True
https://igalawfirm.com/tr/about/,tr,Hakkımızda | IGA Law Firm,Türkiye’de hayatınızı ve işinizi şekillendiren kararlar için pratik ve kişiye özel hukuki destek.,Yerel bilgi. Uluslararası bakış.,https://igalawfirm.com/tr/about/,en=https://igalawfirm.com/en/about/ ; tr=https://igalawfirm.com/tr/about/ ; zh-CN=https://igalawfirm.com/zh/about/ ; ar=https://igalawfirm.com/ar/about/,True,True
https://igalawfirm.com/tr/blog/2025-tl-deposit-usd-yield-full-return-analysis-for-foreign-investors-exiting-kkm-in-february-2025/,tr,2025 TL Mevduatının ABD Doları Getirisi: Yabancı Yatırımcılar için İnceleme | IGA Law Firm,"2025 TL Mevduatının ABD Doları Getirisi: Yabancı Yatırımcılar için İnceleme. Türk vatandaşlığı, yatırım seçenekleri, aile belgeleri ve başvuru sürecine ilişkin hukuki değerlendirmeler.",2025 TL Mevduatının ABD Doları Getirisi: Yabancı Yatırımcılar için İnceleme,https://igalawfirm.com/en/blog/2025-tl-deposit-usd-yield-full-return-analysis-for-foreign-investors-exiting-kkm-in-february-2025/,,False,True
https://igalawfirm.com/tr/blog/bank-deposit-for-turkish-citizenship-how-a-usd-500-000-investment-became-usd-620-640-and-was-safely/,tr,Banka Mevduatıyla Vatandaşlık: 500.000 ABD Dolarından 620.640 Dolara Uzanan Örnek | IGA Law Firm,"Banka Mevduatıyla Vatandaşlık: 500.000 ABD Dolarından 620.640 Dolara Uzanan Örnek. Türk vatandaşlığı, yatırım seçenekleri, aile belgeleri ve başvuru sürecine ilişkin hukuki değerlendirmeler.",Banka Mevduatıyla Vatandaşlık: 500.000 ABD Dolarından 620.640 Dolara Uzanan Örnek,https://igalawfirm.com/en/blog/bank-deposit-for-turkish-citizenship-how-a-usd-500-000-investment-became-usd-620-640-and-was-safely/,,False,True
https://igalawfirm.com/tr/blog/bes-for-turkish-citizenship-2026-10-key-legal-questions-answered-by-a-lawyer/,tr,BES ile Türk Vatandaşlığı: Avukat Yanıtlarıyla 10 Hukuki Soru | IGA Law Firm,"BES ile Türk Vatandaşlığı: Avukat Yanıtlarıyla 10 Hukuki Soru. Türk vatandaşlığı, yatırım seçenekleri, aile belgeleri ve başvuru sürecine ilişkin hukuki değerlendirmeler.",BES ile Türk Vatandaşlığı: Avukat Yanıtlarıyla 10 Hukuki Soru,https://igalawfirm.com/en/blog/bes-for-turkish-citizenship-2026-10-key-legal-questions-answered-by-a-lawyer/,,False,True
https://igalawfirm.com/tr/blog/can-you-apply-for-turkish-citizenship-without-a-birth-certificate/,tr,Doğum Belgesi Olmadan Türk Vatandaşlığına Başvurabilir misiniz? | IGA Law Firm,"Doğum Belgesi Olmadan Türk Vatandaşlığına Başvurabilir misiniz?. Türk vatandaşlığı, yatırım seçenekleri, aile belgeleri ve başvuru sürecine ilişkin hukuki değerlendirmeler.",Doğum Belgesi Olmadan Türk Vatandaşlığına Başvurabilir misiniz?,https://igalawfirm.com/en/blog/can-you-apply-for-turkish-citizenship-without-a-birth-certificate/,,False,True
https://igalawfirm.com/tr/blog/crs-reporting-in-turkey-turkish-citizenship-by-investment-what-investors-should-know/,tr,Türkiye’de CRS Bildirimi ve Yatırım Yoluyla Türk Vatandaşlığı | IGA Law Firm,"Türkiye’de CRS Bildirimi ve Yatırım Yoluyla Türk Vatandaşlığı. Türk vatandaşlığı, yatırım seçenekleri, aile belgeleri ve başvuru sürecine ilişkin hukuki değerlendirmeler.",Türkiye’de CRS Bildirimi ve Yatırım Yoluyla Türk Vatandaşlığı,https://igalawfirm.com/en/blog/crs-reporting-in-turkey-turkish-citizenship-by-investment-what-investors-should-know/,,False,True
https://igalawfirm.com/tr/blog/fund-investment-for-turkish-citizenship-legal-structure-of-the-bes-fund-institutional-background/,tr,Türk Vatandaşlığı için Fon Yatırımı: BES’in Hukuki ve Kurumsal Yapısı | IGA Law Firm,"Türk Vatandaşlığı için Fon Yatırımı: BES’in Hukuki ve Kurumsal Yapısı. Türk vatandaşlığı, yatırım seçenekleri, aile belgeleri ve başvuru sürecine ilişkin hukuki değerlendirmeler.",Türk Vatandaşlığı için Fon Yatırımı: BES’in Hukuki ve Kurumsal Yapısı,https://igalawfirm.com/en/blog/fund-investment-for-turkish-citizenship-legal-structure-of-the-bes-fund-institutional-background/,,False,True
https://igalawfirm.com/tr/blog/iga-law-firm-is-growing-a-new-chapter-at-our-new-office/,tr,IGA Hukuk Bürosu Büyüyor: Yeni Ofisimizde Yeni Bir Dönem | IGA Law Firm,"IGA Hukuk Bürosu Büyüyor: Yeni Ofisimizde Yeni Bir Dönem. IGA Law Firm’den ekip, ofis ve İstanbul’daki çalışmalarımıza ilişkin güncellemeler.",IGA Hukuk Bürosu Büyüyor: Yeni Ofisimizde Yeni Bir Dönem,https://igalawfirm.com/en/blog/iga-law-firm-is-growing-a-new-chapter-at-our-new-office/,,False,True
https://igalawfirm.com/tr/blog/,tr,Blog | IGA Law Firm,"Türk vatandaşlığı, yatırım, göçmenlik ve ticaret hukuku hakkında uygulamaya dönük rehberler ve güncel değerlendirmeler.",Blog,https://igalawfirm.com/tr/blog/,en=https://igalawfirm.com/en/blog/ ; tr=https://igalawfirm.com/tr/blog/ ; zh-CN=https://igalawfirm.com/zh/blog/ ; ar=https://igalawfirm.com/ar/blog/,True,True
https://igalawfirm.com/tr/blog/most-preferred-areas-by-real-estate-investors-in-istanbul-2026-iga-law-firm/,tr,2026’da İstanbul’da Gayrimenkul Yatırımcılarının Tercih Ettiği Bölgeler | IGA Law Firm,"2026’da İstanbul’da Gayrimenkul Yatırımcılarının Tercih Ettiği Bölgeler. İstanbul ve Türkiye gayrimenkul hukuku, yatırım öncesi inceleme ve taşınmaz işlemlerine ilişkin pratik bilgiler.",2026’da İstanbul’da Gayrimenkul Yatırımcılarının Tercih Ettiği Bölgeler,https://igalawfirm.com/en/blog/most-preferred-areas-by-real-estate-investors-in-istanbul-2026-iga-law-firm/,,False,True
https://igalawfirm.com/tr/blog/qnb-bank-turkish-citizenship-by-investment-why-investors-choose-qnb-in-2026/,tr,QNB Banka Mevduatıyla Türk Vatandaşlığı: Yatırımcıların Sorduğu Sorular | IGA Law Firm,"QNB Banka Mevduatıyla Türk Vatandaşlığı: Yatırımcıların Sorduğu Sorular. Türk vatandaşlığı, yatırım seçenekleri, aile belgeleri ve başvuru sürecine ilişkin hukuki değerlendirmeler.",QNB Banka Mevduatıyla Türk Vatandaşlığı: Yatırımcıların Sorduğu Sorular,https://igalawfirm.com/en/blog/qnb-bank-turkish-citizenship-by-investment-why-investors-choose-qnb-in-2026/,,False,True
https://igalawfirm.com/tr/blog/real-estate-vs-bank-deposit-vs-bes-for-turkish-citizenship-a-legal-and-strategic-comparison-2026/,tr,"Türk Vatandaşlığı için Gayrimenkul, Banka Mevduatı ve BES Karşılaştırması | IGA Law Firm","Türk Vatandaşlığı için Gayrimenkul, Banka Mevduatı ve BES Karşılaştırması. Türk vatandaşlığı, yatırım seçenekleri, aile belgeleri ve başvuru sürecine ilişkin hukuki değerlendirmeler.","Türk Vatandaşlığı için Gayrimenkul, Banka Mevduatı ve BES Karşılaştırması",https://igalawfirm.com/en/blog/real-estate-vs-bank-deposit-vs-bes-for-turkish-citizenship-a-legal-and-strategic-comparison-2026/,,False,True
https://igalawfirm.com/tr/blog/step-by-step-guide-turkish-id-card-passport-appointment-after-citizenship-approval/,tr,Vatandaşlık Onayı Sonrası Türk Kimlik Kartı ve Pasaport Randevu Rehberi | IGA Law Firm,"Vatandaşlık Onayı Sonrası Türk Kimlik Kartı ve Pasaport Randevu Rehberi. Türk vatandaşlığı, yatırım seçenekleri, aile belgeleri ve başvuru sürecine ilişkin hukuki değerlendirmeler.",Vatandaşlık Onayı Sonrası Türk Kimlik Kartı ve Pasaport Randevu Rehberi,https://igalawfirm.com/en/blog/step-by-step-guide-turkish-id-card-passport-appointment-after-citizenship-approval/,,False,True
https://igalawfirm.com/tr/blog/success-stories-newly-approved-turkish-citizenship-turkish-id-cards/,tr,Türk Vatandaşlığı Onayları ve Kimlik Kartları: Müvekkil Başarıları | IGA Law Firm,"Türk Vatandaşlığı Onayları ve Kimlik Kartları: Müvekkil Başarıları. Türk vatandaşlığı, yatırım seçenekleri, aile belgeleri ve başvuru sürecine ilişkin hukuki değerlendirmeler.",Türk Vatandaşlığı Onayları ve Kimlik Kartları: Müvekkil Başarıları,https://igalawfirm.com/en/blog/success-stories-newly-approved-turkish-citizenship-turkish-id-cards/,,False,True
https://igalawfirm.com/tr/blog/turkey-20-year-tax-exemption-and-1-inheritance-tax-advantage-for-foreign-investors/,tr,Yabancı Yatırımcılar için Türkiye’de Vergi Rejimi ve Miras Vergisi İddiaları | IGA Law Firm,"Yabancı Yatırımcılar için Türkiye’de Vergi Rejimi ve Miras Vergisi İddiaları. Türk vatandaşlığı, yatırım seçenekleri, aile belgeleri ve başvuru sürecine ilişkin hukuki değerlendirmeler.",Yabancı Yatırımcılar için Türkiye’de Vergi Rejimi ve Miras Vergisi İddiaları,https://igalawfirm.com/en/blog/turkey-20-year-tax-exemption-and-1-inheritance-tax-advantage-for-foreign-investors/,,False,True
https://igalawfirm.com/tr/blog/turkey-china-immigration-investment-cooperation/,tr,Türkiye ve Çin Arasında Yatırım Göçmenliğinde Hukuki Köprüler | IGA Law Firm,Türkiye ve Çin Arasında Yatırım Göçmenliğinde Hukuki Köprüler. Türkiye ile uluslararası yatırım ve göçmenlik süreçlerine ilişkin sınır ötesi değerlendirmeler.,Türkiye ve Çin Arasında Yatırım Göçmenliğinde Hukuki Köprüler,https://igalawfirm.com/en/blog/turkey-china-immigration-investment-cooperation/,,False,True
https://igalawfirm.com/tr/blog/turkey-citizenship-by-investment-bes-fund-route-explained-legal-structure-process-latest-succes/,tr,BES Fonuyla Yatırım Yoluyla Türk Vatandaşlığı: Hukuki Yapı ve Süreç | IGA Law Firm,"BES Fonuyla Yatırım Yoluyla Türk Vatandaşlığı: Hukuki Yapı ve Süreç. Türk vatandaşlığı, yatırım seçenekleri, aile belgeleri ve başvuru sürecine ilişkin hukuki değerlendirmeler.",BES Fonuyla Yatırım Yoluyla Türk Vatandaşlığı: Hukuki Yapı ve Süreç,https://igalawfirm.com/en/blog/turkey-citizenship-by-investment-bes-fund-route-explained-legal-structure-process-latest-succes/,,False,True
https://igalawfirm.com/tr/blog/turkish-citizenship-by-bank-deposit-2025-complete-and-detailed-process-guide/,tr,Banka Mevduatıyla Türk Vatandaşlığı: Başvuru Süreci Rehberi | IGA Law Firm,"Banka Mevduatıyla Türk Vatandaşlığı: Başvuru Süreci Rehberi. Türk vatandaşlığı, yatırım seçenekleri, aile belgeleri ve başvuru sürecine ilişkin hukuki değerlendirmeler.",Banka Mevduatıyla Türk Vatandaşlığı: Başvuru Süreci Rehberi,https://igalawfirm.com/en/blog/turkish-citizenship-by-bank-deposit-2025-complete-and-detailed-process-guide/,,False,True
https://igalawfirm.com/tr/blog/turkish-citizenship-by-bank-deposit-real-case-study-after-3-years-500-000-usd-600-000-usd/,tr,Banka Mevduatıyla Türk Vatandaşlığı: Üç Yıl Sonraki Bir Vaka İncelemesi | IGA Law Firm,"Banka Mevduatıyla Türk Vatandaşlığı: Üç Yıl Sonraki Bir Vaka İncelemesi. Türk vatandaşlığı, yatırım seçenekleri, aile belgeleri ve başvuru sürecine ilişkin hukuki değerlendirmeler.",Banka Mevduatıyla Türk Vatandaşlığı: Üç Yıl Sonraki Bir Vaka İncelemesi,https://igalawfirm.com/en/blog/turkish-citizenship-by-bank-deposit-real-case-study-after-3-years-500-000-usd-600-000-usd/,,False,True
https://igalawfirm.com/tr/blog/turkish-citizenship-by-investment-2026-legal-process-investment-options/,tr,2026’da Yatırım Yoluyla Türk Vatandaşlığı: Hukuki Süreç ve Seçenekler | IGA Law Firm,"2026’da Yatırım Yoluyla Türk Vatandaşlığı: Hukuki Süreç ve Seçenekler. Türk vatandaşlığı, yatırım seçenekleri, aile belgeleri ve başvuru sürecine ilişkin hukuki değerlendirmeler.",2026’da Yatırım Yoluyla Türk Vatandaşlığı: Hukuki Süreç ve Seçenekler,https://igalawfirm.com/en/blog/turkish-citizenship-by-investment-2026-legal-process-investment-options/,,False,True
https://igalawfirm.com/tr/blog/turkish-citizenship-by-investment-and-turkish-name-selection-an-overlooked-advantage-for-internatio/,tr,Yatırım Yoluyla Türk Vatandaşlığı ve Türkçe İsim Seçimi: Uluslararası Yatırımcılar için Önemli Bir Ayrıntı | IGA Law Firm,"Yatırım Yoluyla Türk Vatandaşlığı ve Türkçe İsim Seçimi: Uluslararası Yatırımcılar için Önemli Bir Ayrıntı. Türk vatandaşlığı, yatırım seçenekleri, aile belgeleri ve başvuru sürecine ilişkin hukuki değerlendirmeler.",Yatırım Yoluyla Türk Vatandaşlığı ve Türkçe İsim Seçimi: Uluslararası Yatırımcılar için Önemli Bir Ayrıntı,https://igalawfirm.com/en/blog/turkish-citizenship-by-investment-and-turkish-name-selection-an-overlooked-advantage-for-internatio/,,False,True
https://igalawfirm.com/tr/blog/turkish-citizenship-by-investment-bes-allianz-funds-and-best-portfolio-strategy-2026-guide/,tr,BES Yatırımıyla Türk Vatandaşlığı: Allianz Fonları ve Portföy Stratejisi | IGA Law Firm,"BES Yatırımıyla Türk Vatandaşlığı: Allianz Fonları ve Portföy Stratejisi. Türk vatandaşlığı, yatırım seçenekleri, aile belgeleri ve başvuru sürecine ilişkin hukuki değerlendirmeler.",BES Yatırımıyla Türk Vatandaşlığı: Allianz Fonları ve Portföy Stratejisi,https://igalawfirm.com/en/blog/turkish-citizenship-by-investment-bes-allianz-funds-and-best-portfolio-strategy-2026-guide/,,False,True
https://igalawfirm.com/tr/blog/turkish-citizenship-by-investment-through-real-estate-a-lawyer-s-guide-to-choosing-the-right-proper/,tr,Gayrimenkul ile Yatırım Yoluyla Türk Vatandaşlığı: Doğru Taşınmazı Seçme Rehberi | IGA Law Firm,"Gayrimenkul ile Yatırım Yoluyla Türk Vatandaşlığı: Doğru Taşınmazı Seçme Rehberi. Türk vatandaşlığı, yatırım seçenekleri, aile belgeleri ve başvuru sürecine ilişkin hukuki değerlendirmeler.",Gayrimenkul ile Yatırım Yoluyla Türk Vatandaşlığı: Doğru Taşınmazı Seçme Rehberi,https://igalawfirm.com/en/blog/turkish-citizenship-by-investment-through-real-estate-a-lawyer-s-guide-to-choosing-the-right-proper/,,False,True
https://igalawfirm.com/tr/blog/turkish-citizenship-by-investment-via-allianz-bes-secure-500-000-strategy-with-gold-funds-2026/,tr,Allianz BES ile Vatandaşlık Yatırımı: Altın Fonlu 500.000 ABD Doları Stratejisi | IGA Law Firm,"Allianz BES ile Vatandaşlık Yatırımı: Altın Fonlu 500.000 ABD Doları Stratejisi. Türk vatandaşlığı, yatırım seçenekleri, aile belgeleri ve başvuru sürecine ilişkin hukuki değerlendirmeler.",Allianz BES ile Vatandaşlık Yatırımı: Altın Fonlu 500.000 ABD Doları Stratejisi,https://igalawfirm.com/en/blog/turkish-citizenship-by-investment-via-allianz-bes-secure-500-000-strategy-with-gold-funds-2026/,,False,True
https://igalawfirm.com/tr/blog/turkish-citizenship-for-chinese-citizens-in-2026-documents-hukou-apostille-family-guide/,tr,"2026’da Çin Vatandaşları için Türk Vatandaşlığı: Belgeler, Hukou, Apostil ve Aile Rehberi | IGA Law Firm","2026’da Çin Vatandaşları için Türk Vatandaşlığı: Belgeler, Hukou, Apostil ve Aile Rehberi. Türk vatandaşlığı, yatırım seçenekleri, aile belgeleri ve başvuru sürecine ilişkin hukuki değerlendirmeler.","2026’da Çin Vatandaşları için Türk Vatandaşlığı: Belgeler, Hukou, Apostil ve Aile Rehberi",https://igalawfirm.com/en/blog/turkish-citizenship-for-chinese-citizens-in-2026-documents-hukou-apostille-family-guide/,,False,True
https://igalawfirm.com/tr/blog/turkish-citizenship-property-sale-after-3-years-how-to-sell-your-property-investment-in-turkey/,tr,Vatandaşlık için Alınan Taşınmazı Üç Yıl Sonra Satmak | IGA Law Firm,"Vatandaşlık için Alınan Taşınmazı Üç Yıl Sonra Satmak. İstanbul ve Türkiye gayrimenkul hukuku, yatırım öncesi inceleme ve taşınmaz işlemlerine ilişkin pratik bilgiler.",Vatandaşlık için Alınan Taşınmazı Üç Yıl Sonra Satmak,https://igalawfirm.com/en/blog/turkish-citizenship-property-sale-after-3-years-how-to-sell-your-property-investment-in-turkey/,,False,True
https://igalawfirm.com/tr/blog/turkish-citizenship-through-bes-a-secure-path-for-foreign-investors/,tr,Bireysel Emeklilik Sistemi (BES) ile Türk Vatandaşlığı | IGA Law Firm,"Bireysel Emeklilik Sistemi (BES) ile Türk Vatandaşlığı. Türk vatandaşlığı, yatırım seçenekleri, aile belgeleri ve başvuru sürecine ilişkin hukuki değerlendirmeler.",Bireysel Emeklilik Sistemi (BES) ile Türk Vatandaşlığı,https://igalawfirm.com/en/blog/turkish-citizenship-through-bes-a-secure-path-for-foreign-investors/,,False,True
https://igalawfirm.com/tr/contact/,tr,İletişim | IGA Law Firm,Değerlendirdiğiniz konu hakkında kısaca bilgi verin. İstanbul ekibimiz sonraki adımı anlamanıza yardımcı olsun.,Sıradaki adımınızı konuşalım.,https://igalawfirm.com/tr/contact/,en=https://igalawfirm.com/en/contact/ ; tr=https://igalawfirm.com/tr/contact/ ; zh-CN=https://igalawfirm.com/zh/contact/ ; ar=https://igalawfirm.com/ar/contact/,True,True
https://igalawfirm.com/tr/igalawcorporatelaw/,tr,Şirketler ve Ticaret Hukuku | IGA Law Firm,Türkiye’de faaliyet gösteren veya pazara giren şirketlere yönelik ticari ihtiyaçlara özel hukuki çözümler.,Şirketler ve Ticaret Hukuku,https://igalawfirm.com/tr/igalawcorporatelaw/,en=https://igalawfirm.com/en/igalawcorporatelaw/ ; tr=https://igalawfirm.com/tr/igalawcorporatelaw/ ; zh-CN=https://igalawfirm.com/zh/igalawcorporatelaw/ ; ar=https://igalawfirm.com/ar/igalawcorporatelaw/,True,True
https://igalawfirm.com/tr/igalawdocumentation/,tr,Belgelendirme ve Tasdik İşlemleri | IGA Law Firm,"Türkiye’deki belgeler, noter işlemleri, apostil, tercüme ve konsolosluk süreçlerinde uçtan uca destek.",Belgelendirme ve Tasdik İşlemleri,https://igalawfirm.com/tr/igalawdocumentation/,en=https://igalawfirm.com/en/igalawdocumentation/ ; tr=https://igalawfirm.com/tr/igalawdocumentation/ ; zh-CN=https://igalawfirm.com/zh/igalawdocumentation/ ; ar=https://igalawfirm.com/ar/igalawdocumentation/,True,True
https://igalawfirm.com/tr/igalawlegalconsultancy/,tr,Hukuki Danışmanlık | IGA Law Firm,"Türk hukukunda yol alan bireyler, yatırımcılar ve işletmelere özel hukuki danışmanlık.",Hukuki Danışmanlık,https://igalawfirm.com/tr/igalawlegalconsultancy/,en=https://igalawfirm.com/en/igalawlegalconsultancy/ ; tr=https://igalawfirm.com/tr/igalawlegalconsultancy/ ; zh-CN=https://igalawfirm.com/zh/igalawlegalconsultancy/ ; ar=https://igalawfirm.com/ar/igalawlegalconsultancy/,True,True
https://igalawfirm.com/tr/igalawlitigation/,tr,Dava Takibi ve Uyuşmazlık Çözümü | IGA Law Firm,"Türk mahkemelerinde hukuk, ticaret ve idare hukuku uyuşmazlıklarında stratejik temsil.",Dava Takibi ve Uyuşmazlık Çözümü,https://igalawfirm.com/tr/igalawlitigation/,en=https://igalawfirm.com/en/igalawlitigation/ ; tr=https://igalawfirm.com/tr/igalawlitigation/ ; zh-CN=https://igalawfirm.com/zh/igalawlitigation/ ; ar=https://igalawfirm.com/ar/igalawlitigation/,True,True
https://igalawfirm.com/tr/igalawrealestateduediligence/,tr,Gayrimenkul Hukuki Durum İncelemesi | IGA Law Firm,"Gayrimenkul satın alımından önce tapu kontrolleri, hukuki risk değerlendirmesi ve sözleşme incelemesi.",Gayrimenkul Hukuki Durum İncelemesi,https://igalawfirm.com/tr/igalawrealestateduediligence/,en=https://igalawfirm.com/en/igalawrealestateduediligence/ ; tr=https://igalawfirm.com/tr/igalawrealestateduediligence/ ; zh-CN=https://igalawfirm.com/zh/igalawrealestateduediligence/ ; ar=https://igalawfirm.com/ar/igalawrealestateduediligence/,True,True
https://igalawfirm.com/tr/igalawresidencepermit/,tr,İkamet İzni | IGA Law Firm,Bireyler ve aileler için kısa ve uzun dönem ikamet izni başvurularında rehberlik.,İkamet İzni,https://igalawfirm.com/tr/igalawresidencepermit/,en=https://igalawfirm.com/en/igalawresidencepermit/ ; tr=https://igalawfirm.com/tr/igalawresidencepermit/ ; zh-CN=https://igalawfirm.com/zh/igalawresidencepermit/ ; ar=https://igalawfirm.com/ar/igalawresidencepermit/,True,True
https://igalawfirm.com/tr/igalawworkpermit/,tr,Çalışma İzni | IGA Law Firm,Türkiye’de yasal çalışma izni almak isteyen yabancı uyruklu kişiler ve şirketlere destek.,Çalışma İzni,https://igalawfirm.com/tr/igalawworkpermit/,en=https://igalawfirm.com/en/igalawworkpermit/ ; tr=https://igalawfirm.com/tr/igalawworkpermit/ ; zh-CN=https://igalawfirm.com/zh/igalawworkpermit/ ; ar=https://igalawfirm.com/ar/igalawworkpermit/,True,True
https://igalawfirm.com/tr/,tr,IGA Law Firm | İstanbul’da Uluslararası Hukuk Danışmanlığı,"IGA Hukuk Bürosu, İstanbul merkezli butik bir hukuk bürosudur. Yatırım yoluyla Türk vatandaşlığı, göçmenlik hukuku ve uluslararası yatırımcılar ile ailelere sınır ötesi hukuki danışmanlık alanlarında uzmanlaşır.",Yeni başlangıcınıza güvenle adım atın.,https://igalawfirm.com/tr/,en=https://igalawfirm.com/en/ ; tr=https://igalawfirm.com/tr/ ; zh-CN=https://igalawfirm.com/zh/ ; ar=https://igalawfirm.com/ar/,True,True
https://igalawfirm.com/tr/services/,tr,Uzmanlık alanları | IGA Law Firm,Türkiye’de hayatınızı ve işinizi şekillendiren kararlar için pratik ve kişiye özel hukuki destek.,Her adımda hukuki netlik.,https://igalawfirm.com/tr/services/,en=https://igalawfirm.com/en/services/ ; tr=https://igalawfirm.com/tr/services/ ; zh-CN=https://igalawfirm.com/zh/services/ ; ar=https://igalawfirm.com/ar/services/,True,True
https://igalawfirm.com/tr/team/,tr,Ekibimiz | IGA Law Firm,Türkiye’de hayatınızı ve işinizi şekillendiren kararlar için pratik ve kişiye özel hukuki destek.,Ekibimizle tanışın,https://igalawfirm.com/tr/team/,en=https://igalawfirm.com/en/team/ ; tr=https://igalawfirm.com/tr/team/ ; zh-CN=https://igalawfirm.com/zh/team/ ; ar=https://igalawfirm.com/ar/team/,True,True
https://igalawfirm.com/tr/yatirim-yoluyla-turk-vatandasligi/,tr,Yatırım Yoluyla Türk Vatandaşlığı: Şartlar ve Seçenekler | IGA,"Yatırım yoluyla Türk vatandaşlığı için güncel yatırım seçenekleri, asgari tutarlar, üç yıllık elde tutma koşulları ve başvuru öncesi kontroller.",Yatırım Yoluyla Türk Vatandaşlığı: Şartlar ve Yatırım Seçenekleri,https://igalawfirm.com/tr/yatirim-yoluyla-turk-vatandasligi/,en=https://igalawfirm.com/en/turkish-citizenship-by-investment/ ; tr=https://igalawfirm.com/tr/yatirim-yoluyla-turk-vatandasligi/ ; zh-CN=https://igalawfirm.com/zh/tuerqi-touzi-ruji/ ; ar=https://igalawfirm.com/ar/turkish-citizenship-by-investment/,True,True
https://igalawfirm.com/tr/yatirim-yoluyla-turk-vatandasligi-avukati/,tr,Yatırım Yoluyla Türk Vatandaşlığı Avukatı | IGA Hukuk Bürosu,"IGA Hukuk Bürosu; yatırımcı ve ailelerine hukuki inceleme, belge hazırlığı, uygunluk takibi ve vatandaşlık başvurusu koordinasyonu sunar.",Yatırım Yoluyla Türk Vatandaşlığı Avukatı,https://igalawfirm.com/tr/yatirim-yoluyla-turk-vatandasligi-avukati/,en=https://igalawfirm.com/en/turkish-citizenship-by-investment-lawyer/ ; tr=https://igalawfirm.com/tr/yatirim-yoluyla-turk-vatandasligi-avukati/ ; zh-CN=https://igalawfirm.com/zh/tuerqi-touzi-ruji-lushi/ ; ar=https://igalawfirm.com/ar/turkish-citizenship-by-investment-lawyer/,True,True
https://igalawfirm.com/zh/about/,zh,关于我们 | IGA Law Firm,为您在土耳其生活与商业中的重要决定，提供务实且贴合需求的法律支持。,本地经验，国际视野。,https://igalawfirm.com/zh/about/,en=https://igalawfirm.com/en/about/ ; tr=https://igalawfirm.com/tr/about/ ; zh-CN=https://igalawfirm.com/zh/about/ ; ar=https://igalawfirm.com/ar/about/,True,True
https://igalawfirm.com/zh/blog/2025-tl-deposit-usd-yield-full-return-analysis-for-foreign-investors-exiting-kkm-in-february-2025/,zh,2025年土耳其里拉存款美元收益：外国投资者分析 | IGA Law Firm,2025年土耳其里拉存款美元收益：外国投资者分析. 有关土耳其入籍、投资途径、家庭文件及申请规划的法律信息。,2025年土耳其里拉存款美元收益：外国投资者分析,https://igalawfirm.com/en/blog/2025-tl-deposit-usd-yield-full-return-analysis-for-foreign-investors-exiting-kkm-in-february-2025/,,False,True
https://igalawfirm.com/zh/blog/bank-deposit-for-turkish-citizenship-how-a-usd-500-000-investment-became-usd-620-640-and-was-safely/,zh,银行存款入籍案例：50万美元投资与资金转回 | IGA Law Firm,银行存款入籍案例：50万美元投资与资金转回. 有关土耳其入籍、投资途径、家庭文件及申请规划的法律信息。,银行存款入籍案例：50万美元投资与资金转回,https://igalawfirm.com/en/blog/bank-deposit-for-turkish-citizenship-how-a-usd-500-000-investment-became-usd-620-640-and-was-safely/,,False,True
https://igalawfirm.com/zh/blog/bes-for-turkish-citizenship-2026-10-key-legal-questions-answered-by-a-lawyer/,zh,BES 投资入籍：律师解答的十个法律问题 | IGA Law Firm,BES 投资入籍：律师解答的十个法律问题. 有关土耳其入籍、投资途径、家庭文件及申请规划的法律信息。,BES 投资入籍：律师解答的十个法律问题,https://igalawfirm.com/en/blog/bes-for-turkish-citizenship-2026-10-key-legal-questions-answered-by-a-lawyer/,,False,True
https://igalawfirm.com/zh/blog/can-you-apply-for-turkish-citizenship-without-a-birth-certificate/,zh,没有出生证明可以申请土耳其国籍吗？ | IGA Law Firm,没有出生证明可以申请土耳其国籍吗？. 有关土耳其入籍、投资途径、家庭文件及申请规划的法律信息。,没有出生证明可以申请土耳其国籍吗？,https://igalawfirm.com/en/blog/can-you-apply-for-turkish-citizenship-without-a-birth-certificate/,,False,True
https://igalawfirm.com/zh/blog/crs-reporting-in-turkey-turkish-citizenship-by-investment-what-investors-should-know/,zh,土耳其 CRS 信息申报与投资入籍：投资者须知 | IGA Law Firm,土耳其 CRS 信息申报与投资入籍：投资者须知. 有关土耳其入籍、投资途径、家庭文件及申请规划的法律信息。,土耳其 CRS 信息申报与投资入籍：投资者须知,https://igalawfirm.com/en/blog/crs-reporting-in-turkey-turkish-citizenship-by-investment-what-investors-should-know/,,False,True
https://igalawfirm.com/zh/blog/fund-investment-for-turkish-citizenship-legal-structure-of-the-bes-fund-institutional-background/,zh,土耳其入籍基金投资：BES 的法律及机构背景 | IGA Law Firm,土耳其入籍基金投资：BES 的法律及机构背景. 有关土耳其入籍、投资途径、家庭文件及申请规划的法律信息。,土耳其入籍基金投资：BES 的法律及机构背景,https://igalawfirm.com/en/blog/fund-investment-for-turkish-citizenship-legal-structure-of-the-bes-fund-institutional-background/,,False,True
https://igalawfirm.com/zh/blog/iga-law-firm-is-growing-a-new-chapter-at-our-new-office/,zh,IGA Law Firm 迎来新篇章：迁入新办公室 | IGA Law Firm,IGA Law Firm 迎来新篇章：迁入新办公室. 关于 IGA Law Firm、团队及伊斯坦布尔工作的最新动态。,IGA Law Firm 迎来新篇章：迁入新办公室,https://igalawfirm.com/en/blog/iga-law-firm-is-growing-a-new-chapter-at-our-new-office/,,False,True
https://igalawfirm.com/zh/blog/,zh,Blog | IGA Law Firm,关于土耳其入籍、投资、移民及商业法律的实用观点。,Blog,https://igalawfirm.com/zh/blog/,en=https://igalawfirm.com/en/blog/ ; tr=https://igalawfirm.com/tr/blog/ ; zh-CN=https://igalawfirm.com/zh/blog/ ; ar=https://igalawfirm.com/ar/blog/,True,True
https://igalawfirm.com/zh/blog/most-preferred-areas-by-real-estate-investors-in-istanbul-2026-iga-law-firm/,zh,2026年伊斯坦布尔房地产投资者青睐的区域 | IGA Law Firm,2026年伊斯坦布尔房地产投资者青睐的区域. 有关伊斯坦布尔房产、法律尽职调查及土耳其房地产投资的实用信息。,2026年伊斯坦布尔房地产投资者青睐的区域,https://igalawfirm.com/en/blog/most-preferred-areas-by-real-estate-investors-in-istanbul-2026-iga-law-firm/,,False,True
https://igalawfirm.com/zh/blog/qnb-bank-turkish-citizenship-by-investment-why-investors-choose-qnb-in-2026/,zh,QNB 银行存款入籍：投资者为何选择该银行 | IGA Law Firm,QNB 银行存款入籍：投资者为何选择该银行. 有关土耳其入籍、投资途径、家庭文件及申请规划的法律信息。,QNB 银行存款入籍：投资者为何选择该银行,https://igalawfirm.com/en/blog/qnb-bank-turkish-citizenship-by-investment-why-investors-choose-qnb-in-2026/,,False,True
https://igalawfirm.com/zh/blog/real-estate-vs-bank-deposit-vs-bes-for-turkish-citizenship-a-legal-and-strategic-comparison-2026/,zh,土耳其入籍投资方式比较：房产、银行存款与 BES | IGA Law Firm,土耳其入籍投资方式比较：房产、银行存款与 BES. 有关土耳其入籍、投资途径、家庭文件及申请规划的法律信息。,土耳其入籍投资方式比较：房产、银行存款与 BES,https://igalawfirm.com/en/blog/real-estate-vs-bank-deposit-vs-bes-for-turkish-citizenship-a-legal-and-strategic-comparison-2026/,,False,True
https://igalawfirm.com/zh/blog/step-by-step-guide-turkish-id-card-passport-appointment-after-citizenship-approval/,zh,土耳其入籍获批后：身份证及护照预约指南 | IGA Law Firm,土耳其入籍获批后：身份证及护照预约指南. 有关土耳其入籍、投资途径、家庭文件及申请规划的法律信息。,土耳其入籍获批后：身份证及护照预约指南,https://igalawfirm.com/en/blog/step-by-step-guide-turkish-id-card-passport-appointment-after-citizenship-approval/,,False,True
https://igalawfirm.com/zh/blog/success-stories-newly-approved-turkish-citizenship-turkish-id-cards/,zh,土耳其入籍获批与身份证：客户的新里程碑 | IGA Law Firm,土耳其入籍获批与身份证：客户的新里程碑. 有关土耳其入籍、投资途径、家庭文件及申请规划的法律信息。,土耳其入籍获批与身份证：客户的新里程碑,https://igalawfirm.com/en/blog/success-stories-newly-approved-turkish-citizenship-turkish-id-cards/,,False,True
https://igalawfirm.com/zh/blog/turkey-20-year-tax-exemption-and-1-inheritance-tax-advantage-for-foreign-investors/,zh,土耳其税收优惠与遗产税：外国投资者须了解的规则 | IGA Law Firm,土耳其税收优惠与遗产税：外国投资者须了解的规则. 有关土耳其入籍、投资途径、家庭文件及申请规划的法律信息。,土耳其税收优惠与遗产税：外国投资者须了解的规则,https://igalawfirm.com/en/blog/turkey-20-year-tax-exemption-and-1-inheritance-tax-advantage-for-foreign-investors/,,False,True
https://igalawfirm.com/zh/blog/turkey-china-immigration-investment-cooperation/,zh,连接土耳其与中国的投资移民法律服务 | IGA Law Firm,连接土耳其与中国的投资移民法律服务. 关于土耳其跨境投资移民的观点。,连接土耳其与中国的投资移民法律服务,https://igalawfirm.com/en/blog/turkey-china-immigration-investment-cooperation/,,False,True
https://igalawfirm.com/zh/blog/turkey-citizenship-by-investment-bes-fund-route-explained-legal-structure-process-latest-succes/,zh,通过 BES 基金投资入籍：法律结构与办理流程 | IGA Law Firm,通过 BES 基金投资入籍：法律结构与办理流程. 有关土耳其入籍、投资途径、家庭文件及申请规划的法律信息。,通过 BES 基金投资入籍：法律结构与办理流程,https://igalawfirm.com/en/blog/turkey-citizenship-by-investment-bes-fund-route-explained-legal-structure-process-latest-succes/,,False,True
https://igalawfirm.com/zh/blog/turkish-citizenship-by-bank-deposit-2025-complete-and-detailed-process-guide/,zh,银行存款申请土耳其国籍：完整流程指南 | IGA Law Firm,银行存款申请土耳其国籍：完整流程指南. 有关土耳其入籍、投资途径、家庭文件及申请规划的法律信息。,银行存款申请土耳其国籍：完整流程指南,https://igalawfirm.com/en/blog/turkish-citizenship-by-bank-deposit-2025-complete-and-detailed-process-guide/,,False,True
https://igalawfirm.com/zh/blog/turkish-citizenship-by-bank-deposit-real-case-study-after-3-years-500-000-usd-600-000-usd/,zh,银行存款投资入籍：三年期真实案例分析 | IGA Law Firm,银行存款投资入籍：三年期真实案例分析. 有关土耳其入籍、投资途径、家庭文件及申请规划的法律信息。,银行存款投资入籍：三年期真实案例分析,https://igalawfirm.com/en/blog/turkish-citizenship-by-bank-deposit-real-case-study-after-3-years-500-000-usd-600-000-usd/,,False,True
https://igalawfirm.com/zh/blog/turkish-citizenship-by-investment-2026-legal-process-investment-options/,zh,2026年土耳其投资入籍：法律流程与投资方式 | IGA Law Firm,2026年土耳其投资入籍：法律流程与投资方式. 有关土耳其入籍、投资途径、家庭文件及申请规划的法律信息。,2026年土耳其投资入籍：法律流程与投资方式,https://igalawfirm.com/en/blog/turkish-citizenship-by-investment-2026-legal-process-investment-options/,,False,True
https://igalawfirm.com/zh/blog/turkish-citizenship-by-investment-and-turkish-name-selection-an-overlooked-advantage-for-internatio/,zh,投资入籍与土耳其姓名选择：国际投资者容易忽略的优势 | IGA Law Firm,投资入籍与土耳其姓名选择：国际投资者容易忽略的优势. 有关土耳其入籍、投资途径、家庭文件及申请规划的法律信息。,投资入籍与土耳其姓名选择：国际投资者容易忽略的优势,https://igalawfirm.com/en/blog/turkish-citizenship-by-investment-and-turkish-name-selection-an-overlooked-advantage-for-internatio/,,False,True
https://igalawfirm.com/zh/blog/turkish-citizenship-by-investment-bes-allianz-funds-and-best-portfolio-strategy-2026-guide/,zh,通过 BES 投资申请土耳其国籍：Allianz 基金与投资组合策略 | IGA Law Firm,通过 BES 投资申请土耳其国籍：Allianz 基金与投资组合策略. 有关土耳其入籍、投资途径、家庭文件及申请规划的法律信息。,通过 BES 投资申请土耳其国籍：Allianz 基金与投资组合策略,https://igalawfirm.com/en/blog/turkish-citizenship-by-investment-bes-allianz-funds-and-best-portfolio-strategy-2026-guide/,,False,True
https://igalawfirm.com/zh/blog/turkish-citizenship-by-investment-through-real-estate-a-lawyer-s-guide-to-choosing-the-right-proper/,zh,通过房产投资申请土耳其国籍：律师的选房指南 | IGA Law Firm,通过房产投资申请土耳其国籍：律师的选房指南. 有关土耳其入籍、投资途径、家庭文件及申请规划的法律信息。,通过房产投资申请土耳其国籍：律师的选房指南,https://igalawfirm.com/en/blog/turkish-citizenship-by-investment-through-real-estate-a-lawyer-s-guide-to-choosing-the-right-proper/,,False,True
https://igalawfirm.com/zh/blog/turkish-citizenship-by-investment-via-allianz-bes-secure-500-000-strategy-with-gold-funds-2026/,zh,通过 Allianz BES 投资入籍：含黄金基金的 50 万美元方案 | IGA Law Firm,通过 Allianz BES 投资入籍：含黄金基金的 50 万美元方案. 有关土耳其入籍、投资途径、家庭文件及申请规划的法律信息。,通过 Allianz BES 投资入籍：含黄金基金的 50 万美元方案,https://igalawfirm.com/en/blog/turkish-citizenship-by-investment-via-allianz-bes-secure-500-000-strategy-with-gold-funds-2026/,,False,True
https://igalawfirm.com/zh/blog/turkish-citizenship-for-chinese-citizens-in-2026-documents-hukou-apostille-family-guide/,zh,2026年中国公民申请土耳其入籍：文件、户口、公证认证与家庭指南 | IGA Law Firm,2026年中国公民申请土耳其入籍：文件、户口、公证认证与家庭指南. 有关土耳其入籍、投资途径、家庭文件及申请规划的法律信息。,2026年中国公民申请土耳其入籍：文件、户口、公证认证与家庭指南,https://igalawfirm.com/en/blog/turkish-citizenship-for-chinese-citizens-in-2026-documents-hukou-apostille-family-guide/,,False,True
https://igalawfirm.com/zh/blog/turkish-citizenship-property-sale-after-3-years-how-to-sell-your-property-investment-in-turkey/,zh,入籍房产持有三年后如何出售 | IGA Law Firm,入籍房产持有三年后如何出售. 有关伊斯坦布尔房产、法律尽职调查及土耳其房地产投资的实用信息。,入籍房产持有三年后如何出售,https://igalawfirm.com/en/blog/turkish-citizenship-property-sale-after-3-years-how-to-sell-your-property-investment-in-turkey/,,False,True
https://igalawfirm.com/zh/blog/turkish-citizenship-through-bes-a-secure-path-for-foreign-investors/,zh,通过私人养老金计划（BES）申请土耳其国籍 | IGA Law Firm,通过私人养老金计划（BES）申请土耳其国籍. 有关土耳其入籍、投资途径、家庭文件及申请规划的法律信息。,通过私人养老金计划（BES）申请土耳其国籍,https://igalawfirm.com/en/blog/turkish-citizenship-through-bes-a-secure-path-for-foreign-investors/,,False,True
https://igalawfirm.com/zh/contact/,zh,联系我们 | IGA Law Firm,请简要介绍您正在考虑的事项。我们的伊斯坦布尔团队将协助您了解后续步骤。,告诉我们您的下一步计划。,https://igalawfirm.com/zh/contact/,en=https://igalawfirm.com/en/contact/ ; tr=https://igalawfirm.com/tr/contact/ ; zh-CN=https://igalawfirm.com/zh/contact/ ; ar=https://igalawfirm.com/ar/contact/,True,True
https://igalawfirm.com/zh/igalawcorporatelaw/,zh,公司与商事法律 | IGA Law Firm,为在土耳其经营或进入土耳其市场的企业提供商业导向的法律解决方案。,公司与商事法律,https://igalawfirm.com/zh/igalawcorporatelaw/,en=https://igalawfirm.com/en/igalawcorporatelaw/ ; tr=https://igalawfirm.com/tr/igalawcorporatelaw/ ; zh-CN=https://igalawfirm.com/zh/igalawcorporatelaw/ ; ar=https://igalawfirm.com/ar/igalawcorporatelaw/,True,True
https://igalawfirm.com/zh/igalawdocumentation/,zh,文件办理与认证 | IGA Law Firm,为土耳其文件、公证、海牙认证、翻译及领事程序提供全程协助。,文件办理与认证,https://igalawfirm.com/zh/igalawdocumentation/,en=https://igalawfirm.com/en/igalawdocumentation/ ; tr=https://igalawfirm.com/tr/igalawdocumentation/ ; zh-CN=https://igalawfirm.com/zh/igalawdocumentation/ ; ar=https://igalawfirm.com/ar/igalawdocumentation/,True,True
https://igalawfirm.com/zh/igalawlegalconsultancy/,zh,法律咨询 | IGA Law Firm,为受土耳其法律管辖的个人、投资者及企业提供定制法律建议。,法律咨询,https://igalawfirm.com/zh/igalawlegalconsultancy/,en=https://igalawfirm.com/en/igalawlegalconsultancy/ ; tr=https://igalawfirm.com/tr/igalawlegalconsultancy/ ; zh-CN=https://igalawfirm.com/zh/igalawlegalconsultancy/ ; ar=https://igalawfirm.com/ar/igalawlegalconsultancy/,True,True
https://igalawfirm.com/zh/igalawlitigation/,zh,诉讼与争议解决 | IGA Law Firm,在土耳其法院民事、商事及行政案件中提供策略性代理。,诉讼与争议解决,https://igalawfirm.com/zh/igalawlitigation/,en=https://igalawfirm.com/en/igalawlitigation/ ; tr=https://igalawfirm.com/tr/igalawlitigation/ ; zh-CN=https://igalawfirm.com/zh/igalawlitigation/ ; ar=https://igalawfirm.com/ar/igalawlitigation/,True,True
https://igalawfirm.com/zh/igalawrealestateduediligence/,zh,房产法律尽职调查 | IGA Law Firm,购房前进行产权核查、法律风险评估及合同审核。,房产法律尽职调查,https://igalawfirm.com/zh/igalawrealestateduediligence/,en=https://igalawfirm.com/en/igalawrealestateduediligence/ ; tr=https://igalawfirm.com/tr/igalawrealestateduediligence/ ; zh-CN=https://igalawfirm.com/zh/igalawrealestateduediligence/ ; ar=https://igalawfirm.com/ar/igalawrealestateduediligence/,True,True
https://igalawfirm.com/zh/igalawresidencepermit/,zh,居留许可 | IGA Law Firm,为个人与家庭的短期及长期居留许可申请提供指引。,居留许可,https://igalawfirm.com/zh/igalawresidencepermit/,en=https://igalawfirm.com/en/igalawresidencepermit/ ; tr=https://igalawfirm.com/tr/igalawresidencepermit/ ; zh-CN=https://igalawfirm.com/zh/igalawresidencepermit/ ; ar=https://igalawfirm.com/ar/igalawresidencepermit/,True,True
https://igalawfirm.com/zh/igalawworkpermit/,zh,工作许可 | IGA Law Firm,为希望在土耳其合法工作的外国人士及企业提供协助。,工作许可,https://igalawfirm.com/zh/igalawworkpermit/,en=https://igalawfirm.com/en/igalawworkpermit/ ; tr=https://igalawfirm.com/tr/igalawworkpermit/ ; zh-CN=https://igalawfirm.com/zh/igalawworkpermit/ ; ar=https://igalawfirm.com/ar/igalawworkpermit/,True,True
https://igalawfirm.com/zh/,zh,IGA Law Firm | 伊斯坦布尔国际法律咨询,IGA Law Firm 是一家位于伊斯坦布尔的精品律师事务所，专注于土耳其投资入籍、移民法，以及为国际投资者和家庭提供跨境法律咨询。,为您的下一段旅程规划清晰路径。,https://igalawfirm.com/zh/,en=https://igalawfirm.com/en/ ; tr=https://igalawfirm.com/tr/ ; zh-CN=https://igalawfirm.com/zh/ ; ar=https://igalawfirm.com/ar/,True,True
https://igalawfirm.com/zh/services/,zh,业务领域 | IGA Law Firm,为您在土耳其生活与商业中的重要决定，提供务实且贴合需求的法律支持。,每一步，都有清晰的法律指引。,https://igalawfirm.com/zh/services/,en=https://igalawfirm.com/en/services/ ; tr=https://igalawfirm.com/tr/services/ ; zh-CN=https://igalawfirm.com/zh/services/ ; ar=https://igalawfirm.com/ar/services/,True,True
https://igalawfirm.com/zh/team/,zh,团队 | IGA Law Firm,为您在土耳其生活与商业中的重要决定，提供务实且贴合需求的法律支持。,认识我们的团队,https://igalawfirm.com/zh/team/,en=https://igalawfirm.com/en/team/ ; tr=https://igalawfirm.com/tr/team/ ; zh-CN=https://igalawfirm.com/zh/team/ ; ar=https://igalawfirm.com/ar/team/,True,True
https://igalawfirm.com/zh/tuerqi-touzi-ruji/,zh,土耳其投资入籍条件与投资方式 | IGA 律师事务所,了解土耳其投资入籍的申请条件、七种投资方式、最低金额及三年持有要求，并在投资前核查适用规定。,土耳其投资入籍：申请条件与投资方式,https://igalawfirm.com/zh/tuerqi-touzi-ruji/,en=https://igalawfirm.com/en/turkish-citizenship-by-investment/ ; tr=https://igalawfirm.com/tr/yatirim-yoluyla-turk-vatandasligi/ ; zh-CN=https://igalawfirm.com/zh/tuerqi-touzi-ruji/ ; ar=https://igalawfirm.com/ar/turkish-citizenship-by-investment/,True,True
https://igalawfirm.com/zh/tuerqi-touzi-ruji-lushi/,zh,土耳其投资入籍律师服务 | IGA 伊斯坦布尔律师事务所,IGA 律师事务所为投资者及家庭提供土耳其投资入籍法律协助，包括尽职调查、文件审核、合规确认跟进及申请协调。,土耳其投资入籍律师服务,https://igalawfirm.com/zh/tuerqi-touzi-ruji-lushi/,en=https://igalawfirm.com/en/turkish-citizenship-by-investment-lawyer/ ; tr=https://igalawfirm.com/tr/yatirim-yoluyla-turk-vatandasligi-avukati/ ; zh-CN=https://igalawfirm.com/zh/tuerqi-touzi-ruji-lushi/ ; ar=https://igalawfirm.com/ar/turkish-citizenship-by-investment-lawyer/,True,True
