url,lang,html_lang,title,description,h1,canonical,hreflang,robots,in_sitemap,main_in_initial_html
https://igalawfirm.com/ar/about/,ar,ar,فهم محلي ورؤية دولية. | IGA Law Firm,تأسس مكتب IGA للمحاماة عام 2018 ويركز على الهجرة عبر الاستثمار والاستشارات القانونية للأجانب. نمثل عملاءنا من التقييم الأولي للأهلية حتى القرار النهائي والالتزامات اللاحقة للاستثمار.,فهم محلي ورؤية دولية.,https://igalawfirm.com/ar/about/,en=https://igalawfirm.com/en/about/ ; tr=https://igalawfirm.com/tr/about/ ; zh-CN=https://igalawfirm.com/zh/about/ ; ar=https://igalawfirm.com/ar/about/ ; x-default=https://igalawfirm.com/en/about/,,True,True
https://igalawfirm.com/ar/blog/2025-tl-deposit-usd-yield-full-return-analysis-for-foreign-investors-exiting-kkm-in-february-2025/,ar,ar,2025 TL Deposit USD Yield: Return Analysis for Foreign Investors | IGA Law Firm,This report examines the cumulative USD-denominated performance of two groups of foreign investors in 2025:,2025 TL Deposit USD Yield: Return Analysis for Foreign Investors,https://igalawfirm.com/en/blog/2025-tl-deposit-usd-yield-full-return-analysis-for-foreign-investors-exiting-kkm-in-february-2025/,,"noindex,follow",False,True
https://igalawfirm.com/ar/blog/bank-deposit-for-turkish-citizenship-how-a-usd-500-000-investment-became-usd-620-640-and-was-safely/,ar,ar,"Bank Deposit for Turkish Citizenship: A $500,000 Investment Becomes $620,640 | IGA Law Firm",Many foreign investors believe that obtaining Turkish citizenship by investment means locking their money away with limited flexibility. This real-life case…,"Bank Deposit for Turkish Citizenship: A $500,000 Investment Becomes $620,640",https://igalawfirm.com/en/blog/bank-deposit-for-turkish-citizenship-how-a-usd-500-000-investment-became-usd-620-640-and-was-safely/,,"noindex,follow",False,True
https://igalawfirm.com/ar/blog/bes-for-turkish-citizenship-2026-10-key-legal-questions-answered-by-a-lawyer/,ar,ar,BES for Turkish Citizenship (2026): 10 Key Legal Questions Answered by a Lawyer | IGA Law Firm,BES for Turkish citizenship has become one of the most structured and legally predictable investment routes for foreign investors applying for Turkish…,BES for Turkish Citizenship (2026): 10 Key Legal Questions Answered by a Lawyer,https://igalawfirm.com/en/blog/bes-for-turkish-citizenship-2026-10-key-legal-questions-answered-by-a-lawyer/,,"noindex,follow",False,True
https://igalawfirm.com/ar/blog/can-you-apply-for-turkish-citizenship-without-a-birth-certificate/,ar,ar,Can You Apply for Turkish Citizenship Without a Birth Certificate? | IGA Law Firm,"For Chinese investors seeking Turkish citizenship through real estate or a bank deposit, a birth certificate is normally an important part of the…",Can You Apply for Turkish Citizenship Without a Birth Certificate?,https://igalawfirm.com/en/blog/can-you-apply-for-turkish-citizenship-without-a-birth-certificate/,,"noindex,follow",False,True
https://igalawfirm.com/ar/blog/crs-reporting-in-turkey-turkish-citizenship-by-investment-what-investors-should-know/,ar,ar,CRS Reporting in Turkey & Turkish Citizenship by Investment: What Investors Should Know | IGA Law Firm,The Common Reporting Standard (CRS) is an international framework developed by the OECD for the automatic exchange of financial account information between…,CRS Reporting in Turkey & Turkish Citizenship by Investment: What Investors Should Know,https://igalawfirm.com/en/blog/crs-reporting-in-turkey-turkish-citizenship-by-investment-what-investors-should-know/,,"noindex,follow",False,True
https://igalawfirm.com/ar/blog/fund-investment-for-turkish-citizenship-legal-structure-of-the-bes-fund-institutional-background/,ar,ar,Fund Investment for Turkish Citizenship: BES Legal Structure and Institutional Background | IGA Law Firm,The fund investment for Turkish citizenship pathway based on the BES fund (Private Pension Investment System) has become an increasingly structured option…,Fund Investment for Turkish Citizenship: BES Legal Structure and Institutional Background,https://igalawfirm.com/en/blog/fund-investment-for-turkish-citizenship-legal-structure-of-the-bes-fund-institutional-background/,,"noindex,follow",False,True
https://igalawfirm.com/ar/blog/iga-law-firm-is-growing-a-new-chapter-at-our-new-office/,ar,ar,IGA Law Firm Is Growing: A New Chapter at Our New Office | IGA Law Firm,"We are delighted to announce that IGA Law Firm has begun welcoming clients to its new office, located in an elegant mansion in Bebek, one of Istanbul’s most…",IGA Law Firm Is Growing: A New Chapter at Our New Office,https://igalawfirm.com/en/blog/iga-law-firm-is-growing-a-new-chapter-at-our-new-office/,,"noindex,follow",False,True
https://igalawfirm.com/ar/blog/,ar,ar,مدونة IGA | IGA Law Firm,مقالات عملية عن الجنسية التركية والاستثمار والهجرة وقانون الأعمال. النصوص الكاملة منشورة باللغة الإنجليزية.,مدونة IGA,https://igalawfirm.com/ar/blog/,en=https://igalawfirm.com/en/blog/ ; tr=https://igalawfirm.com/tr/blog/ ; zh-CN=https://igalawfirm.com/zh/blog/ ; ar=https://igalawfirm.com/ar/blog/ ; x-default=https://igalawfirm.com/en/blog/,,True,True
https://igalawfirm.com/ar/blog/most-preferred-areas-by-real-estate-investors-in-istanbul-2026-iga-law-firm/,ar,ar,Most Preferred Areas by Real Estate Investors in Istanbul 2026 | IGA Law Firm,The Istanbul real estate market continues to attract significant international attention in 2026. Foreign investors are no longer focused solely on…,Most Preferred Areas by Real Estate Investors in Istanbul 2026,https://igalawfirm.com/en/blog/most-preferred-areas-by-real-estate-investors-in-istanbul-2026-iga-law-firm/,,"noindex,follow",False,True
https://igalawfirm.com/ar/blog/qnb-bank-turkish-citizenship-by-investment-why-investors-choose-qnb-in-2026/,ar,ar,QNB Bank — Turkish Citizenship by Investment: Why Investors Choose QNB in 2026 | IGA Law Firm,QNB Bank Turkish Citizenship by Investment has become one of the most preferred options for international investors in 2026. When applying for Turkish…,QNB Bank — Turkish Citizenship by Investment: Why Investors Choose QNB in 2026,https://igalawfirm.com/en/blog/qnb-bank-turkish-citizenship-by-investment-why-investors-choose-qnb-in-2026/,,"noindex,follow",False,True
https://igalawfirm.com/ar/blog/real-estate-vs-bank-deposit-vs-bes-for-turkish-citizenship-a-legal-and-strategic-comparison-2026/,ar,ar,Real Estate vs Bank Deposit vs BES for Turkish Citizenship: A Legal Comparison (2026) | IGA Law Firm,Real Estate vs Bank Deposit vs BES for Turkish Citizenship is one of the most frequently asked questions by global investors considering the Turkish…,Real Estate vs Bank Deposit vs BES for Turkish Citizenship: A Legal Comparison (2026),https://igalawfirm.com/en/blog/real-estate-vs-bank-deposit-vs-bes-for-turkish-citizenship-a-legal-and-strategic-comparison-2026/,,"noindex,follow",False,True
https://igalawfirm.com/ar/blog/step-by-step-guide-turkish-id-card-passport-appointment-after-citizenship-approval/,ar,ar,A Guide to Turkish ID Card & Passport Appointments | IGA Law Firm,"Obtaining Turkish citizenship by investment is an exciting milestone. Upon receiving your Citizenship Approval Letter, you may book your Turkish ID card &…",A Guide to Turkish ID Card & Passport Appointments,https://igalawfirm.com/en/blog/step-by-step-guide-turkish-id-card-passport-appointment-after-citizenship-approval/,,"noindex,follow",False,True
https://igalawfirm.com/ar/blog/success-stories-newly-approved-turkish-citizenship-turkish-id-cards/,ar,ar,Turkish Citizenship Approvals and ID Cards: Client Milestones | IGA Law Firm,We are pleased to present some of these official documents (with all personal data carefully redacted to protect confidentiality). These are more than just…,Turkish Citizenship Approvals and ID Cards: Client Milestones,https://igalawfirm.com/en/blog/success-stories-newly-approved-turkish-citizenship-turkish-id-cards/,,"noindex,follow",False,True
https://igalawfirm.com/ar/blog/turkey-20-year-tax-exemption-and-1-inheritance-tax-advantage-for-foreign-investors/,ar,ar,Turkey 20-Year Tax Exemption and 1% Inheritance Tax Advantage for Foreign Investors | IGA Law Firm,"Turkey has introduced one of the most significant tax incentives in recent years for foreign investors, high-net-worth individuals, entrepreneurs, and…",Turkey 20-Year Tax Exemption and 1% Inheritance Tax Advantage for Foreign Investors,https://igalawfirm.com/en/blog/turkey-20-year-tax-exemption-and-1-inheritance-tax-advantage-for-foreign-investors/,,"noindex,follow",False,True
https://igalawfirm.com/ar/blog/turkey-china-immigration-investment-cooperation/,ar,ar,Building Legal Bridges Between Turkey and China in Investment Migration | IGA Law Firm,"In August 2025, we had the great honor of welcoming a high-level delegation from the Beijing Immigration and Exit-Entry Association (北京市移民及出入境协会) to Istanbul.",Building Legal Bridges Between Turkey and China in Investment Migration,https://igalawfirm.com/en/blog/turkey-china-immigration-investment-cooperation/,,"noindex,follow",False,True
https://igalawfirm.com/ar/blog/turkey-citizenship-by-investment-bes-fund-route-explained-legal-structure-process-latest-succes/,ar,ar,"Turkey Citizenship by Investment BES Fund Route: Legal Structure, Process & Recent Case | IGA Law Firm","The Turkey Citizenship by Investment BES Fund route has emerged as a strong alternative to real estate investment. Under Turkish law, investors may qualify…","Turkey Citizenship by Investment BES Fund Route: Legal Structure, Process & Recent Case",https://igalawfirm.com/en/blog/turkey-citizenship-by-investment-bes-fund-route-explained-legal-structure-process-latest-succes/,,"noindex,follow",False,True
https://igalawfirm.com/ar/blog/turkish-citizenship-by-bank-deposit-2025-complete-and-detailed-process-guide/,ar,ar,Turkish Citizenship by Bank Deposit: A Process Guide | IGA Law Firm,"Implementation Regulation Article 20/2-ç, which requires depositing USD 500,000 into a Turkish bank and keeping it for 3 years.",Turkish Citizenship by Bank Deposit: A Process Guide,https://igalawfirm.com/en/blog/turkish-citizenship-by-bank-deposit-2025-complete-and-detailed-process-guide/,,"noindex,follow",False,True
https://igalawfirm.com/ar/blog/turkish-citizenship-by-bank-deposit-real-case-study-after-3-years-500-000-usd-600-000-usd/,ar,ar,Turkish Citizenship by Bank Deposit: A Real Case Study After 3 Years | IGA Law Firm,One of the most frequently asked questions by foreign investors considering Turkish citizenship by bank deposit is simple:,Turkish Citizenship by Bank Deposit: A Real Case Study After 3 Years,https://igalawfirm.com/en/blog/turkish-citizenship-by-bank-deposit-real-case-study-after-3-years-500-000-usd-600-000-usd/,,"noindex,follow",False,True
https://igalawfirm.com/ar/blog/turkish-citizenship-by-investment-2026-legal-process-investment-options/,ar,ar,Turkish Citizenship by Investment 2026: Legal Process & Investment Options | IGA Law Firm,The Turkish Citizenship by Investment 2026 program remains one of the most structured and regulated investment migration programs available to foreign…,Turkish Citizenship by Investment 2026: Legal Process & Investment Options,https://igalawfirm.com/en/blog/turkish-citizenship-by-investment-2026-legal-process-investment-options/,,"noindex,follow",False,True
https://igalawfirm.com/ar/blog/turkish-citizenship-by-investment-and-turkish-name-selection-an-overlooked-advantage-for-internatio/,ar,ar,Turkish Citizenship by Investment and Turkish Name Selection: An Overlooked Advantage for International Investors | IGA Law Firm,"When people discuss Turkish Citizenship by Investment, the conversation usually focuses on the minimum investment threshold, processing times, visa-free…",Turkish Citizenship by Investment and Turkish Name Selection: An Overlooked Advantage for International Investors,https://igalawfirm.com/en/blog/turkish-citizenship-by-investment-and-turkish-name-selection-an-overlooked-advantage-for-internatio/,,"noindex,follow",False,True
https://igalawfirm.com/ar/blog/turkish-citizenship-by-investment-bes-allianz-funds-and-best-portfolio-strategy-2026-guide/,ar,ar,Turkish Citizenship by Investment BES: Allianz Funds and Portfolio Strategy (2026 Guide) | IGA Law Firm,Turkish citizenship by investment BES (Private Pension System) is a program that allows investors to obtain Turkish citizenship by investing a minimum of…,Turkish Citizenship by Investment BES: Allianz Funds and Portfolio Strategy (2026 Guide),https://igalawfirm.com/en/blog/turkish-citizenship-by-investment-bes-allianz-funds-and-best-portfolio-strategy-2026-guide/,,"noindex,follow",False,True
https://igalawfirm.com/ar/blog/turkish-citizenship-by-investment-through-real-estate-a-lawyer-s-guide-to-choosing-the-right-proper/,ar,ar,Turkish Citizenship by Investment Through Real Estate: A Lawyer’s Guide to Choosing the Right Property in 2026 | IGA Law Firm,"Many investors believe that obtaining Turkish citizenship is simply a matter of purchasing a property worth at least USD 400,000. In practice, choosing the…",Turkish Citizenship by Investment Through Real Estate: A Lawyer’s Guide to Choosing the Right Property in 2026,https://igalawfirm.com/en/blog/turkish-citizenship-by-investment-through-real-estate-a-lawyer-s-guide-to-choosing-the-right-proper/,,"noindex,follow",False,True
https://igalawfirm.com/ar/blog/turkish-citizenship-by-investment-via-allianz-bes-secure-500-000-strategy-with-gold-funds-2026/,ar,ar,"Turkish Citizenship by Investment via Allianz BES: Secure $500,000 Strategy with Gold Funds (2026) | IGA Law Firm","The Turkish Citizenship BES Allianz model has become one of the most secure and institutional investment pathways for global investors, particularly those…","Turkish Citizenship by Investment via Allianz BES: Secure $500,000 Strategy with Gold Funds (2026)",https://igalawfirm.com/en/blog/turkish-citizenship-by-investment-via-allianz-bes-secure-500-000-strategy-with-gold-funds-2026/,,"noindex,follow",False,True
https://igalawfirm.com/ar/blog/turkish-citizenship-for-chinese-citizens-in-2026-documents-hukou-apostille-family-guide/,ar,ar,"Turkish Citizenship for Chinese Citizens in 2026: Documents, Hukou, Apostille & Family Guide | IGA Law Firm","For Chinese applicants, obtaining Turkish citizenship by investment is not only about making the required investment. In practice, one of the most important…","Turkish Citizenship for Chinese Citizens in 2026: Documents, Hukou, Apostille & Family Guide",https://igalawfirm.com/en/blog/turkish-citizenship-for-chinese-citizens-in-2026-documents-hukou-apostille-family-guide/,,"noindex,follow",False,True
https://igalawfirm.com/ar/blog/turkish-citizenship-property-sale-after-3-years-how-to-sell-your-property-investment-in-turkey/,ar,ar,Turkish Citizenship Property Sale After 3 Years: How to Sell Your Property Investment | IGA Law Firm,Many investors who obtain Turkish Citizenship by Investment through real estate in Turkey ask the same question:,Turkish Citizenship Property Sale After 3 Years: How to Sell Your Property Investment,https://igalawfirm.com/en/blog/turkish-citizenship-property-sale-after-3-years-how-to-sell-your-property-investment-in-turkey/,,"noindex,follow",False,True
https://igalawfirm.com/ar/blog/turkish-citizenship-through-bes-a-secure-path-for-foreign-investors/,ar,ar,Turkish Citizenship through the Private Pension Scheme (BES) | IGA Law Firm,Foreign investors seeking both financial security and Turkish Citizenship through the Private Pension Scheme (BES) now have a highly attractive option. By…,Turkish Citizenship through the Private Pension Scheme (BES),https://igalawfirm.com/en/blog/turkish-citizenship-through-bes-a-secure-path-for-foreign-investors/,,"noindex,follow",False,True
https://igalawfirm.com/ar/contact/,ar,ar,اتصل بنا | IGA Law Firm,أخبرنا بإيجاز عن موضوعك، وسيساعدك فريقنا في إسطنبول على فهم الخطوة التالية.,اتصل بنا,https://igalawfirm.com/ar/contact/,en=https://igalawfirm.com/en/contact/ ; tr=https://igalawfirm.com/tr/contact/ ; zh-CN=https://igalawfirm.com/zh/contact/ ; ar=https://igalawfirm.com/ar/contact/ ; x-default=https://igalawfirm.com/en/contact/,,True,True
https://igalawfirm.com/ar/igalawcorporatelaw/,ar,ar,قانون الشركات والتجارة | IGA Law Firm,حلول قانونية للشركات العاملة في تركيا أو الداخلة إلى سوقها.,قانون الشركات والتجارة,https://igalawfirm.com/ar/igalawcorporatelaw/,en=https://igalawfirm.com/en/igalawcorporatelaw/ ; tr=https://igalawfirm.com/tr/igalawcorporatelaw/ ; zh-CN=https://igalawfirm.com/zh/igalawcorporatelaw/ ; ar=https://igalawfirm.com/ar/igalawcorporatelaw/ ; x-default=https://igalawfirm.com/en/igalawcorporatelaw/,,True,True
https://igalawfirm.com/ar/igalawdocumentation/,ar,ar,استخراج الوثائق وتصديقها | IGA Law Firm,دعم في الوثائق التركية والتوثيق والأبوستيل والترجمة والإجراءات القنصلية.,استخراج الوثائق وتصديقها,https://igalawfirm.com/ar/igalawdocumentation/,en=https://igalawfirm.com/en/igalawdocumentation/ ; tr=https://igalawfirm.com/tr/igalawdocumentation/ ; zh-CN=https://igalawfirm.com/zh/igalawdocumentation/ ; ar=https://igalawfirm.com/ar/igalawdocumentation/ ; x-default=https://igalawfirm.com/en/igalawdocumentation/,,True,True
https://igalawfirm.com/ar/igalawlegalconsultancy/,ar,ar,الاستشارات القانونية | IGA Law Firm,مشورة قانونية مخصصة للأفراد والمستثمرين والشركات في إطار القانون التركي.,الاستشارات القانونية,https://igalawfirm.com/ar/igalawlegalconsultancy/,en=https://igalawfirm.com/en/igalawlegalconsultancy/ ; tr=https://igalawfirm.com/tr/igalawlegalconsultancy/ ; zh-CN=https://igalawfirm.com/zh/igalawlegalconsultancy/ ; ar=https://igalawfirm.com/ar/igalawlegalconsultancy/ ; x-default=https://igalawfirm.com/en/igalawlegalconsultancy/,,True,True
https://igalawfirm.com/ar/igalawlitigation/,ar,ar,التقاضي وتسوية النزاعات | IGA Law Firm,تمثيل قانوني في القضايا المدنية والتجارية والإدارية أمام المحاكم التركية.,التقاضي وتسوية النزاعات,https://igalawfirm.com/ar/igalawlitigation/,en=https://igalawfirm.com/en/igalawlitigation/ ; tr=https://igalawfirm.com/tr/igalawlitigation/ ; zh-CN=https://igalawfirm.com/zh/igalawlitigation/ ; ar=https://igalawfirm.com/ar/igalawlitigation/ ; x-default=https://igalawfirm.com/en/igalawlitigation/,,True,True
https://igalawfirm.com/ar/igalawrealestateduediligence/,ar,ar,الفحص القانوني للعقارات | IGA Law Firm,فحص الملكية وتقييم المخاطر ومراجعة العقود قبل شراء العقار.,الفحص القانوني للعقارات,https://igalawfirm.com/ar/igalawrealestateduediligence/,en=https://igalawfirm.com/en/igalawrealestateduediligence/ ; tr=https://igalawfirm.com/tr/igalawrealestateduediligence/ ; zh-CN=https://igalawfirm.com/zh/igalawrealestateduediligence/ ; ar=https://igalawfirm.com/ar/igalawrealestateduediligence/ ; x-default=https://igalawfirm.com/en/igalawrealestateduediligence/,,True,True
https://igalawfirm.com/ar/igalawresidencepermit/,ar,ar,تصاريح الإقامة | IGA Law Firm,إرشاد للأفراد والأسر في طلبات الإقامة القصيرة والطويلة الأجل.,تصاريح الإقامة,https://igalawfirm.com/ar/igalawresidencepermit/,en=https://igalawfirm.com/en/igalawresidencepermit/ ; tr=https://igalawfirm.com/tr/igalawresidencepermit/ ; zh-CN=https://igalawfirm.com/zh/igalawresidencepermit/ ; ar=https://igalawfirm.com/ar/igalawresidencepermit/ ; x-default=https://igalawfirm.com/en/igalawresidencepermit/,,True,True
https://igalawfirm.com/ar/igalawworkpermit/,ar,ar,تصاريح العمل | IGA Law Firm,دعم للأفراد الأجانب والشركات للحصول على تصريح عمل نظامي في تركيا.,تصاريح العمل,https://igalawfirm.com/ar/igalawworkpermit/,en=https://igalawfirm.com/en/igalawworkpermit/ ; tr=https://igalawfirm.com/tr/igalawworkpermit/ ; zh-CN=https://igalawfirm.com/zh/igalawworkpermit/ ; ar=https://igalawfirm.com/ar/igalawworkpermit/ ; x-default=https://igalawfirm.com/en/igalawworkpermit/,,True,True
https://igalawfirm.com/ar/,ar,ar,IGA Law Firm | استشارات قانونية دولية في إسطنبول,مكتب IGA للمحاماة مكتب قانوني متخصص مقره إسطنبول، يركز على الجنسية التركية عبر الاستثمار وقانون الهجرة والاستشارات القانونية العابرة للحدود للمستثمرين والأسر الدوليين.,ابدأ خطوتك التالية بوضوح وثقة.,https://igalawfirm.com/ar/,en=https://igalawfirm.com/en/ ; tr=https://igalawfirm.com/tr/ ; zh-CN=https://igalawfirm.com/zh/ ; ar=https://igalawfirm.com/ar/ ; x-default=https://igalawfirm.com/en/,,True,True
https://igalawfirm.com/ar/services/,ar,ar,الخدمات القانونية في إسطنبول | IGA Law Firm,دعم قانوني عملي ومخصص للقرارات التي تؤثر في حياتك وأعمالك في تركيا.,الخدمات القانونية في إسطنبول,https://igalawfirm.com/ar/services/,en=https://igalawfirm.com/en/services/ ; tr=https://igalawfirm.com/tr/services/ ; zh-CN=https://igalawfirm.com/zh/services/ ; ar=https://igalawfirm.com/ar/services/ ; x-default=https://igalawfirm.com/en/services/,,True,True
https://igalawfirm.com/ar/team/,ar,ar,تعرف على فريقنا | IGA Law Firm,فريق متعدد اللغات في إسطنبول يرافق العملاء الدوليين خلال الإجراءات القانونية في تركيا.,تعرف على فريقنا,https://igalawfirm.com/ar/team/,en=https://igalawfirm.com/en/team/ ; tr=https://igalawfirm.com/tr/team/ ; zh-CN=https://igalawfirm.com/zh/team/ ; ar=https://igalawfirm.com/ar/team/ ; x-default=https://igalawfirm.com/en/team/,,True,True
https://igalawfirm.com/ar/turkish-citizenship-by-investment/,ar,ar,الجنسية التركية عبر الاستثمار: الشروط والخيارات | IGA للمحاماة,دليل للشروط وطرق الاستثمار السبع والحدود المالية وفترات الاحتفاظ بالاستثمار ومتطلبات الفحص قبل التقديم.,الجنسية التركية عبر الاستثمار: الشروط والخيارات,https://igalawfirm.com/ar/turkish-citizenship-by-investment/,en=https://igalawfirm.com/en/turkish-citizenship-by-investment/ ; tr=https://igalawfirm.com/tr/yatirim-yoluyla-turk-vatandasligi/ ; zh-CN=https://igalawfirm.com/zh/tuerqi-touzi-ruji/ ; ar=https://igalawfirm.com/ar/turkish-citizenship-by-investment/ ; x-default=https://igalawfirm.com/en/turkish-citizenship-by-investment/,,True,True
https://igalawfirm.com/ar/turkish-citizenship-by-investment-lawyer/,ar,ar,محامي الجنسية التركية عبر الاستثمار في إسطنبول | IGA للمحاماة,مساعدة قانونية للمستثمرين والأسر في فحص الاستثمار والوثائق وتقرير المطابقة وتنسيق طلب الجنسية التركية.,محامي الجنسية التركية عبر الاستثمار في إسطنبول,https://igalawfirm.com/ar/turkish-citizenship-by-investment-lawyer/,en=https://igalawfirm.com/en/turkish-citizenship-by-investment-lawyer/ ; tr=https://igalawfirm.com/tr/yatirim-yoluyla-turk-vatandasligi-avukati/ ; zh-CN=https://igalawfirm.com/zh/tuerqi-touzi-ruji-lushi/ ; ar=https://igalawfirm.com/ar/turkish-citizenship-by-investment-lawyer/ ; x-default=https://igalawfirm.com/en/turkish-citizenship-by-investment-lawyer/,,True,True
https://igalawfirm.com/en/about/,en,en,Local understanding. International perspective. | IGA Law Firm,"Founded in 2018, IGA Law Firm focuses on investment immigration and foreign legal advisory. We represent clients at every stage, from initial eligibility assessment to final approval and post-investment compliance.",Local understanding. International perspective.,https://igalawfirm.com/en/about/,en=https://igalawfirm.com/en/about/ ; tr=https://igalawfirm.com/tr/about/ ; zh-CN=https://igalawfirm.com/zh/about/ ; ar=https://igalawfirm.com/ar/about/ ; x-default=https://igalawfirm.com/en/about/,,True,True
https://igalawfirm.com/en/blog/2025-tl-deposit-usd-yield-full-return-analysis-for-foreign-investors-exiting-kkm-in-february-2025/,en,en,2025 TL Deposit USD Yield: Return Analysis for Foreign Investors | IGA Law Firm,This report examines the cumulative USD-denominated performance of two groups of foreign investors in 2025:,2025 TL Deposit USD Yield: Return Analysis for Foreign Investors,https://igalawfirm.com/en/blog/2025-tl-deposit-usd-yield-full-return-analysis-for-foreign-investors-exiting-kkm-in-february-2025/,,,True,True
https://igalawfirm.com/en/blog/bank-deposit-for-turkish-citizenship-how-a-usd-500-000-investment-became-usd-620-640-and-was-safely/,en,en,"Bank Deposit for Turkish Citizenship: A $500,000 Investment Becomes $620,640 | IGA Law Firm",Many foreign investors believe that obtaining Turkish citizenship by investment means locking their money away with limited flexibility. This real-life case…,"Bank Deposit for Turkish Citizenship: A $500,000 Investment Becomes $620,640",https://igalawfirm.com/en/blog/bank-deposit-for-turkish-citizenship-how-a-usd-500-000-investment-became-usd-620-640-and-was-safely/,,,True,True
https://igalawfirm.com/en/blog/bes-for-turkish-citizenship-2026-10-key-legal-questions-answered-by-a-lawyer/,en,en,BES for Turkish Citizenship (2026): 10 Key Legal Questions Answered by a Lawyer | IGA Law Firm,BES for Turkish citizenship has become one of the most structured and legally predictable investment routes for foreign investors applying for Turkish…,BES for Turkish Citizenship (2026): 10 Key Legal Questions Answered by a Lawyer,https://igalawfirm.com/en/blog/bes-for-turkish-citizenship-2026-10-key-legal-questions-answered-by-a-lawyer/,,,True,True
https://igalawfirm.com/en/blog/can-you-apply-for-turkish-citizenship-without-a-birth-certificate/,en,en,Can You Apply for Turkish Citizenship Without a Birth Certificate? | IGA Law Firm,"For Chinese investors seeking Turkish citizenship through real estate or a bank deposit, a birth certificate is normally an important part of the…",Can You Apply for Turkish Citizenship Without a Birth Certificate?,https://igalawfirm.com/en/blog/can-you-apply-for-turkish-citizenship-without-a-birth-certificate/,,,True,True
https://igalawfirm.com/en/blog/crs-reporting-in-turkey-turkish-citizenship-by-investment-what-investors-should-know/,en,en,CRS Reporting in Turkey & Turkish Citizenship by Investment: What Investors Should Know | IGA Law Firm,The Common Reporting Standard (CRS) is an international framework developed by the OECD for the automatic exchange of financial account information between…,CRS Reporting in Turkey & Turkish Citizenship by Investment: What Investors Should Know,https://igalawfirm.com/en/blog/crs-reporting-in-turkey-turkish-citizenship-by-investment-what-investors-should-know/,,,True,True
https://igalawfirm.com/en/blog/fund-investment-for-turkish-citizenship-legal-structure-of-the-bes-fund-institutional-background/,en,en,Fund Investment for Turkish Citizenship: BES Legal Structure and Institutional Background | IGA Law Firm,The fund investment for Turkish citizenship pathway based on the BES fund (Private Pension Investment System) has become an increasingly structured option…,Fund Investment for Turkish Citizenship: BES Legal Structure and Institutional Background,https://igalawfirm.com/en/blog/fund-investment-for-turkish-citizenship-legal-structure-of-the-bes-fund-institutional-background/,,,True,True
https://igalawfirm.com/en/blog/iga-law-firm-is-growing-a-new-chapter-at-our-new-office/,en,en,IGA Law Firm Is Growing: A New Chapter at Our New Office | IGA Law Firm,"We are delighted to announce that IGA Law Firm has begun welcoming clients to its new office, located in an elegant mansion in Bebek, one of Istanbul’s most…",IGA Law Firm Is Growing: A New Chapter at Our New Office,https://igalawfirm.com/en/blog/iga-law-firm-is-growing-a-new-chapter-at-our-new-office/,,,True,True
https://igalawfirm.com/en/blog/,en,en,The IGA Blog | IGA Law Firm,"Practical perspectives on Turkish citizenship, investment, immigration and business law.",The IGA Blog,https://igalawfirm.com/en/blog/,en=https://igalawfirm.com/en/blog/ ; tr=https://igalawfirm.com/tr/blog/ ; zh-CN=https://igalawfirm.com/zh/blog/ ; ar=https://igalawfirm.com/ar/blog/ ; x-default=https://igalawfirm.com/en/blog/,,True,True
https://igalawfirm.com/en/blog/most-preferred-areas-by-real-estate-investors-in-istanbul-2026-iga-law-firm/,en,en,Most Preferred Areas by Real Estate Investors in Istanbul 2026 | IGA Law Firm,The Istanbul real estate market continues to attract significant international attention in 2026. Foreign investors are no longer focused solely on…,Most Preferred Areas by Real Estate Investors in Istanbul 2026,https://igalawfirm.com/en/blog/most-preferred-areas-by-real-estate-investors-in-istanbul-2026-iga-law-firm/,,,True,True
https://igalawfirm.com/en/blog/qnb-bank-turkish-citizenship-by-investment-why-investors-choose-qnb-in-2026/,en,en,QNB Bank — Turkish Citizenship by Investment: Why Investors Choose QNB in 2026 | IGA Law Firm,QNB Bank Turkish Citizenship by Investment has become one of the most preferred options for international investors in 2026. When applying for Turkish…,QNB Bank — Turkish Citizenship by Investment: Why Investors Choose QNB in 2026,https://igalawfirm.com/en/blog/qnb-bank-turkish-citizenship-by-investment-why-investors-choose-qnb-in-2026/,,,True,True
https://igalawfirm.com/en/blog/real-estate-vs-bank-deposit-vs-bes-for-turkish-citizenship-a-legal-and-strategic-comparison-2026/,en,en,Real Estate vs Bank Deposit vs BES for Turkish Citizenship: A Legal Comparison (2026) | IGA Law Firm,Real Estate vs Bank Deposit vs BES for Turkish Citizenship is one of the most frequently asked questions by global investors considering the Turkish…,Real Estate vs Bank Deposit vs BES for Turkish Citizenship: A Legal Comparison (2026),https://igalawfirm.com/en/blog/real-estate-vs-bank-deposit-vs-bes-for-turkish-citizenship-a-legal-and-strategic-comparison-2026/,,,True,True
https://igalawfirm.com/en/blog/step-by-step-guide-turkish-id-card-passport-appointment-after-citizenship-approval/,en,en,A Guide to Turkish ID Card & Passport Appointments | IGA Law Firm,"Obtaining Turkish citizenship by investment is an exciting milestone. Upon receiving your Citizenship Approval Letter, you may book your Turkish ID card &…",A Guide to Turkish ID Card & Passport Appointments,https://igalawfirm.com/en/blog/step-by-step-guide-turkish-id-card-passport-appointment-after-citizenship-approval/,,,True,True
https://igalawfirm.com/en/blog/success-stories-newly-approved-turkish-citizenship-turkish-id-cards/,en,en,Turkish Citizenship Approvals and ID Cards: Client Milestones | IGA Law Firm,We are pleased to present some of these official documents (with all personal data carefully redacted to protect confidentiality). These are more than just…,Turkish Citizenship Approvals and ID Cards: Client Milestones,https://igalawfirm.com/en/blog/success-stories-newly-approved-turkish-citizenship-turkish-id-cards/,,,True,True
https://igalawfirm.com/en/blog/turkey-20-year-tax-exemption-and-1-inheritance-tax-advantage-for-foreign-investors/,en,en,Turkey 20-Year Tax Exemption and 1% Inheritance Tax Advantage for Foreign Investors | IGA Law Firm,"Turkey has introduced one of the most significant tax incentives in recent years for foreign investors, high-net-worth individuals, entrepreneurs, and…",Turkey 20-Year Tax Exemption and 1% Inheritance Tax Advantage for Foreign Investors,https://igalawfirm.com/en/blog/turkey-20-year-tax-exemption-and-1-inheritance-tax-advantage-for-foreign-investors/,,,True,True
https://igalawfirm.com/en/blog/turkey-china-immigration-investment-cooperation/,en,en,Building Legal Bridges Between Turkey and China in Investment Migration | IGA Law Firm,"In August 2025, we had the great honor of welcoming a high-level delegation from the Beijing Immigration and Exit-Entry Association (北京市移民及出入境协会) to Istanbul.",Building Legal Bridges Between Turkey and China in Investment Migration,https://igalawfirm.com/en/blog/turkey-china-immigration-investment-cooperation/,,,True,True
https://igalawfirm.com/en/blog/turkey-citizenship-by-investment-bes-fund-route-explained-legal-structure-process-latest-succes/,en,en,"Turkey Citizenship by Investment BES Fund Route: Legal Structure, Process & Recent Case | IGA Law Firm","The Turkey Citizenship by Investment BES Fund route has emerged as a strong alternative to real estate investment. Under Turkish law, investors may qualify…","Turkey Citizenship by Investment BES Fund Route: Legal Structure, Process & Recent Case",https://igalawfirm.com/en/blog/turkey-citizenship-by-investment-bes-fund-route-explained-legal-structure-process-latest-succes/,,,True,True
https://igalawfirm.com/en/blog/turkish-citizenship-by-bank-deposit-2025-complete-and-detailed-process-guide/,en,en,Turkish Citizenship by Bank Deposit: A Process Guide | IGA Law Firm,"Implementation Regulation Article 20/2-ç, which requires depositing USD 500,000 into a Turkish bank and keeping it for 3 years.",Turkish Citizenship by Bank Deposit: A Process Guide,https://igalawfirm.com/en/blog/turkish-citizenship-by-bank-deposit-2025-complete-and-detailed-process-guide/,,,True,True
https://igalawfirm.com/en/blog/turkish-citizenship-by-bank-deposit-real-case-study-after-3-years-500-000-usd-600-000-usd/,en,en,Turkish Citizenship by Bank Deposit: A Real Case Study After 3 Years | IGA Law Firm,One of the most frequently asked questions by foreign investors considering Turkish citizenship by bank deposit is simple:,Turkish Citizenship by Bank Deposit: A Real Case Study After 3 Years,https://igalawfirm.com/en/blog/turkish-citizenship-by-bank-deposit-real-case-study-after-3-years-500-000-usd-600-000-usd/,,,True,True
https://igalawfirm.com/en/blog/turkish-citizenship-by-investment-2026-legal-process-investment-options/,en,en,Turkish Citizenship by Investment 2026: Legal Process & Investment Options | IGA Law Firm,The Turkish Citizenship by Investment 2026 program remains one of the most structured and regulated investment migration programs available to foreign…,Turkish Citizenship by Investment 2026: Legal Process & Investment Options,https://igalawfirm.com/en/blog/turkish-citizenship-by-investment-2026-legal-process-investment-options/,,,True,True
https://igalawfirm.com/en/blog/turkish-citizenship-by-investment-and-turkish-name-selection-an-overlooked-advantage-for-internatio/,en,en,Turkish Citizenship by Investment and Turkish Name Selection: An Overlooked Advantage for International Investors | IGA Law Firm,"When people discuss Turkish Citizenship by Investment, the conversation usually focuses on the minimum investment threshold, processing times, visa-free…",Turkish Citizenship by Investment and Turkish Name Selection: An Overlooked Advantage for International Investors,https://igalawfirm.com/en/blog/turkish-citizenship-by-investment-and-turkish-name-selection-an-overlooked-advantage-for-internatio/,,,True,True
https://igalawfirm.com/en/blog/turkish-citizenship-by-investment-bes-allianz-funds-and-best-portfolio-strategy-2026-guide/,en,en,Turkish Citizenship by Investment BES: Allianz Funds and Portfolio Strategy (2026 Guide) | IGA Law Firm,Turkish citizenship by investment BES (Private Pension System) is a program that allows investors to obtain Turkish citizenship by investing a minimum of…,Turkish Citizenship by Investment BES: Allianz Funds and Portfolio Strategy (2026 Guide),https://igalawfirm.com/en/blog/turkish-citizenship-by-investment-bes-allianz-funds-and-best-portfolio-strategy-2026-guide/,,,True,True
https://igalawfirm.com/en/blog/turkish-citizenship-by-investment-through-real-estate-a-lawyer-s-guide-to-choosing-the-right-proper/,en,en,Turkish Citizenship by Investment Through Real Estate: A Lawyer’s Guide to Choosing the Right Property in 2026 | IGA Law Firm,"Many investors believe that obtaining Turkish citizenship is simply a matter of purchasing a property worth at least USD 400,000. In practice, choosing the…",Turkish Citizenship by Investment Through Real Estate: A Lawyer’s Guide to Choosing the Right Property in 2026,https://igalawfirm.com/en/blog/turkish-citizenship-by-investment-through-real-estate-a-lawyer-s-guide-to-choosing-the-right-proper/,,,True,True
https://igalawfirm.com/en/blog/turkish-citizenship-by-investment-via-allianz-bes-secure-500-000-strategy-with-gold-funds-2026/,en,en,"Turkish Citizenship by Investment via Allianz BES: Secure $500,000 Strategy with Gold Funds (2026) | IGA Law Firm","The Turkish Citizenship BES Allianz model has become one of the most secure and institutional investment pathways for global investors, particularly those…","Turkish Citizenship by Investment via Allianz BES: Secure $500,000 Strategy with Gold Funds (2026)",https://igalawfirm.com/en/blog/turkish-citizenship-by-investment-via-allianz-bes-secure-500-000-strategy-with-gold-funds-2026/,,,True,True
https://igalawfirm.com/en/blog/turkish-citizenship-for-chinese-citizens-in-2026-documents-hukou-apostille-family-guide/,en,en,"Turkish Citizenship for Chinese Citizens in 2026: Documents, Hukou, Apostille & Family Guide | IGA Law Firm","For Chinese applicants, obtaining Turkish citizenship by investment is not only about making the required investment. In practice, one of the most important…","Turkish Citizenship for Chinese Citizens in 2026: Documents, Hukou, Apostille & Family Guide",https://igalawfirm.com/en/blog/turkish-citizenship-for-chinese-citizens-in-2026-documents-hukou-apostille-family-guide/,,,True,True
https://igalawfirm.com/en/blog/turkish-citizenship-property-sale-after-3-years-how-to-sell-your-property-investment-in-turkey/,en,en,Turkish Citizenship Property Sale After 3 Years: How to Sell Your Property Investment | IGA Law Firm,Many investors who obtain Turkish Citizenship by Investment through real estate in Turkey ask the same question:,Turkish Citizenship Property Sale After 3 Years: How to Sell Your Property Investment,https://igalawfirm.com/en/blog/turkish-citizenship-property-sale-after-3-years-how-to-sell-your-property-investment-in-turkey/,,,True,True
https://igalawfirm.com/en/blog/turkish-citizenship-through-bes-a-secure-path-for-foreign-investors/,en,en,Turkish Citizenship through the Private Pension Scheme (BES) | IGA Law Firm,Foreign investors seeking both financial security and Turkish Citizenship through the Private Pension Scheme (BES) now have a highly attractive option. By…,Turkish Citizenship through the Private Pension Scheme (BES),https://igalawfirm.com/en/blog/turkish-citizenship-through-bes-a-secure-path-for-foreign-investors/,,,True,True
https://igalawfirm.com/en/contact/,en,en,Contact | IGA Law Firm,Share a little about the matter you are considering. Our Istanbul team will help you understand the next step.,Contact,https://igalawfirm.com/en/contact/,en=https://igalawfirm.com/en/contact/ ; tr=https://igalawfirm.com/tr/contact/ ; zh-CN=https://igalawfirm.com/zh/contact/ ; ar=https://igalawfirm.com/ar/contact/ ; x-default=https://igalawfirm.com/en/contact/,,True,True
https://igalawfirm.com/en/igalawcorporatelaw/,en,en,Corporate & Commercial Law | IGA Law Firm,Business-minded legal solutions for companies operating in or entering Türkiye.,Corporate & Commercial Law,https://igalawfirm.com/en/igalawcorporatelaw/,en=https://igalawfirm.com/en/igalawcorporatelaw/ ; tr=https://igalawfirm.com/tr/igalawcorporatelaw/ ; zh-CN=https://igalawfirm.com/zh/igalawcorporatelaw/ ; ar=https://igalawfirm.com/ar/igalawcorporatelaw/ ; x-default=https://igalawfirm.com/en/igalawcorporatelaw/,,True,True
https://igalawfirm.com/en/igalawdocumentation/,en,en,Documentation & Legalization | IGA Law Firm,"End-to-end assistance with Turkish documents, notarization, apostilles, translations and consular procedures.",Documentation & Legalization,https://igalawfirm.com/en/igalawdocumentation/,en=https://igalawfirm.com/en/igalawdocumentation/ ; tr=https://igalawfirm.com/tr/igalawdocumentation/ ; zh-CN=https://igalawfirm.com/zh/igalawdocumentation/ ; ar=https://igalawfirm.com/ar/igalawdocumentation/ ; x-default=https://igalawfirm.com/en/igalawdocumentation/,,True,True
https://igalawfirm.com/en/igalawlegalconsultancy/,en,en,Legal Consultancy | IGA Law Firm,"Tailored legal advice for individuals, investors and businesses navigating Turkish law.",Legal Consultancy,https://igalawfirm.com/en/igalawlegalconsultancy/,en=https://igalawfirm.com/en/igalawlegalconsultancy/ ; tr=https://igalawfirm.com/tr/igalawlegalconsultancy/ ; zh-CN=https://igalawfirm.com/zh/igalawlegalconsultancy/ ; ar=https://igalawfirm.com/ar/igalawlegalconsultancy/ ; x-default=https://igalawfirm.com/en/igalawlegalconsultancy/,,True,True
https://igalawfirm.com/en/igalawlitigation/,en,en,Litigation & Dispute Resolution | IGA Law Firm,"Strategic representation in civil, commercial and administrative matters before Turkish courts.",Litigation & Dispute Resolution,https://igalawfirm.com/en/igalawlitigation/,en=https://igalawfirm.com/en/igalawlitigation/ ; tr=https://igalawfirm.com/tr/igalawlitigation/ ; zh-CN=https://igalawfirm.com/zh/igalawlitigation/ ; ar=https://igalawfirm.com/ar/igalawlitigation/ ; x-default=https://igalawfirm.com/en/igalawlitigation/,,True,True
https://igalawfirm.com/en/igalawrealestateduediligence/,en,en,Real Estate Due Diligence | IGA Law Firm,"Title checks, legal risk assessment and contract review before a property purchase.",Real Estate Due Diligence,https://igalawfirm.com/en/igalawrealestateduediligence/,en=https://igalawfirm.com/en/igalawrealestateduediligence/ ; tr=https://igalawfirm.com/tr/igalawrealestateduediligence/ ; zh-CN=https://igalawfirm.com/zh/igalawrealestateduediligence/ ; ar=https://igalawfirm.com/ar/igalawrealestateduediligence/ ; x-default=https://igalawfirm.com/en/igalawrealestateduediligence/,,True,True
https://igalawfirm.com/en/igalawresidencepermit/,en,en,Residence Permit | IGA Law Firm,Guidance for short- and long-term residence permit applications for individuals and families.,Residence Permit,https://igalawfirm.com/en/igalawresidencepermit/,en=https://igalawfirm.com/en/igalawresidencepermit/ ; tr=https://igalawfirm.com/tr/igalawresidencepermit/ ; zh-CN=https://igalawfirm.com/zh/igalawresidencepermit/ ; ar=https://igalawfirm.com/ar/igalawresidencepermit/ ; x-default=https://igalawfirm.com/en/igalawresidencepermit/,,True,True
https://igalawfirm.com/en/igalawworkpermit/,en,en,Work Permit | IGA Law Firm,Support for foreign nationals and companies seeking lawful work authorization in Türkiye.,Work Permit,https://igalawfirm.com/en/igalawworkpermit/,en=https://igalawfirm.com/en/igalawworkpermit/ ; tr=https://igalawfirm.com/tr/igalawworkpermit/ ; zh-CN=https://igalawfirm.com/zh/igalawworkpermit/ ; ar=https://igalawfirm.com/ar/igalawworkpermit/ ; x-default=https://igalawfirm.com/en/igalawworkpermit/,,True,True
https://igalawfirm.com/en/,en,en,IGA Law Firm | International Legal Counsel in Istanbul,"IGA Law Firm is a boutique practice based in Istanbul, specializing in investment-based Turkish citizenship, immigration law and cross-border legal advisory for international investors and families.",A clear path to your next chapter.,https://igalawfirm.com/en/,en=https://igalawfirm.com/en/ ; tr=https://igalawfirm.com/tr/ ; zh-CN=https://igalawfirm.com/zh/ ; ar=https://igalawfirm.com/ar/ ; x-default=https://igalawfirm.com/en/,,True,True
https://igalawfirm.com/en/services/,en,en,Legal services in Istanbul | IGA Law Firm,"Practical, personal legal support for the decisions that shape your life and business in Türkiye.",Legal services in Istanbul,https://igalawfirm.com/en/services/,en=https://igalawfirm.com/en/services/ ; tr=https://igalawfirm.com/tr/services/ ; zh-CN=https://igalawfirm.com/zh/services/ ; ar=https://igalawfirm.com/ar/services/ ; x-default=https://igalawfirm.com/en/services/,,True,True
https://igalawfirm.com/en/team/,en,en,Meet our team | IGA Law Firm,A multilingual Istanbul team with hands-on experience guiding international clients through Turkish legal processes.,Meet our team,https://igalawfirm.com/en/team/,en=https://igalawfirm.com/en/team/ ; tr=https://igalawfirm.com/tr/team/ ; zh-CN=https://igalawfirm.com/zh/team/ ; ar=https://igalawfirm.com/ar/team/ ; x-default=https://igalawfirm.com/en/team/,,True,True
https://igalawfirm.com/en/turkish-citizenship-by-investment/,en,en,Turkish Citizenship by Investment: Requirements & Options | IGA Law Firm,"Explore Turkish citizenship by investment requirements, seven eligible investment routes, minimum amounts and three-year holding rules. Official sources and legal considerations.",Turkish Citizenship by Investment: Requirements and Options,https://igalawfirm.com/en/turkish-citizenship-by-investment/,en=https://igalawfirm.com/en/turkish-citizenship-by-investment/ ; tr=https://igalawfirm.com/tr/yatirim-yoluyla-turk-vatandasligi/ ; zh-CN=https://igalawfirm.com/zh/tuerqi-touzi-ruji/ ; ar=https://igalawfirm.com/ar/turkish-citizenship-by-investment/ ; x-default=https://igalawfirm.com/en/turkish-citizenship-by-investment/,,True,True
https://igalawfirm.com/en/turkish-citizenship-by-investment-lawyer/,en,en,Turkish Citizenship by Investment Lawyer in Istanbul | IGA Law Firm,"IGA Law Firm advises investors and families on Turkish citizenship by investment, legal due diligence, application documents, conformity follow-up and filing.",Turkish Citizenship by Investment Lawyer in Istanbul,https://igalawfirm.com/en/turkish-citizenship-by-investment-lawyer/,en=https://igalawfirm.com/en/turkish-citizenship-by-investment-lawyer/ ; tr=https://igalawfirm.com/tr/yatirim-yoluyla-turk-vatandasligi-avukati/ ; zh-CN=https://igalawfirm.com/zh/tuerqi-touzi-ruji-lushi/ ; ar=https://igalawfirm.com/ar/turkish-citizenship-by-investment-lawyer/ ; x-default=https://igalawfirm.com/en/turkish-citizenship-by-investment-lawyer/,,True,True
https://igalawfirm.com/tr/about/,tr,tr,Yerel bilgi. Uluslararası bakış. | IGA Law Firm,"2018 yılında kurulan IGA Hukuk Bürosu, yatırım göçmenliği ve yabancılara hukuki danışmanlık alanlarına odaklanır. İlk uygunluk değerlendirmesinden nihai onay ve yatırım sonrası uyum süreçlerine kadar müvekkillerimizi temsil ediyoruz.",Yerel bilgi. Uluslararası bakış.,https://igalawfirm.com/tr/about/,en=https://igalawfirm.com/en/about/ ; tr=https://igalawfirm.com/tr/about/ ; zh-CN=https://igalawfirm.com/zh/about/ ; ar=https://igalawfirm.com/ar/about/ ; x-default=https://igalawfirm.com/en/about/,,True,True
https://igalawfirm.com/tr/blog/2025-tl-deposit-usd-yield-full-return-analysis-for-foreign-investors-exiting-kkm-in-february-2025/,tr,tr,2025 TL Deposit USD Yield: Return Analysis for Foreign Investors | IGA Law Firm,This report examines the cumulative USD-denominated performance of two groups of foreign investors in 2025:,2025 TL Deposit USD Yield: Return Analysis for Foreign Investors,https://igalawfirm.com/en/blog/2025-tl-deposit-usd-yield-full-return-analysis-for-foreign-investors-exiting-kkm-in-february-2025/,,"noindex,follow",False,True
https://igalawfirm.com/tr/blog/bank-deposit-for-turkish-citizenship-how-a-usd-500-000-investment-became-usd-620-640-and-was-safely/,tr,tr,"Bank Deposit for Turkish Citizenship: A $500,000 Investment Becomes $620,640 | IGA Law Firm",Many foreign investors believe that obtaining Turkish citizenship by investment means locking their money away with limited flexibility. This real-life case…,"Bank Deposit for Turkish Citizenship: A $500,000 Investment Becomes $620,640",https://igalawfirm.com/en/blog/bank-deposit-for-turkish-citizenship-how-a-usd-500-000-investment-became-usd-620-640-and-was-safely/,,"noindex,follow",False,True
https://igalawfirm.com/tr/blog/bes-for-turkish-citizenship-2026-10-key-legal-questions-answered-by-a-lawyer/,tr,tr,BES for Turkish Citizenship (2026): 10 Key Legal Questions Answered by a Lawyer | IGA Law Firm,BES for Turkish citizenship has become one of the most structured and legally predictable investment routes for foreign investors applying for Turkish…,BES for Turkish Citizenship (2026): 10 Key Legal Questions Answered by a Lawyer,https://igalawfirm.com/en/blog/bes-for-turkish-citizenship-2026-10-key-legal-questions-answered-by-a-lawyer/,,"noindex,follow",False,True
https://igalawfirm.com/tr/blog/can-you-apply-for-turkish-citizenship-without-a-birth-certificate/,tr,tr,Can You Apply for Turkish Citizenship Without a Birth Certificate? | IGA Law Firm,"For Chinese investors seeking Turkish citizenship through real estate or a bank deposit, a birth certificate is normally an important part of the…",Can You Apply for Turkish Citizenship Without a Birth Certificate?,https://igalawfirm.com/en/blog/can-you-apply-for-turkish-citizenship-without-a-birth-certificate/,,"noindex,follow",False,True
https://igalawfirm.com/tr/blog/crs-reporting-in-turkey-turkish-citizenship-by-investment-what-investors-should-know/,tr,tr,CRS Reporting in Turkey & Turkish Citizenship by Investment: What Investors Should Know | IGA Law Firm,The Common Reporting Standard (CRS) is an international framework developed by the OECD for the automatic exchange of financial account information between…,CRS Reporting in Turkey & Turkish Citizenship by Investment: What Investors Should Know,https://igalawfirm.com/en/blog/crs-reporting-in-turkey-turkish-citizenship-by-investment-what-investors-should-know/,,"noindex,follow",False,True
https://igalawfirm.com/tr/blog/fund-investment-for-turkish-citizenship-legal-structure-of-the-bes-fund-institutional-background/,tr,tr,Fund Investment for Turkish Citizenship: BES Legal Structure and Institutional Background | IGA Law Firm,The fund investment for Turkish citizenship pathway based on the BES fund (Private Pension Investment System) has become an increasingly structured option…,Fund Investment for Turkish Citizenship: BES Legal Structure and Institutional Background,https://igalawfirm.com/en/blog/fund-investment-for-turkish-citizenship-legal-structure-of-the-bes-fund-institutional-background/,,"noindex,follow",False,True
https://igalawfirm.com/tr/blog/iga-law-firm-is-growing-a-new-chapter-at-our-new-office/,tr,tr,IGA Law Firm Is Growing: A New Chapter at Our New Office | IGA Law Firm,"We are delighted to announce that IGA Law Firm has begun welcoming clients to its new office, located in an elegant mansion in Bebek, one of Istanbul’s most…",IGA Law Firm Is Growing: A New Chapter at Our New Office,https://igalawfirm.com/en/blog/iga-law-firm-is-growing-a-new-chapter-at-our-new-office/,,"noindex,follow",False,True
https://igalawfirm.com/tr/blog/,tr,tr,IGA Hukuk Bürosu Blogu | IGA Law Firm,"Türk vatandaşlığı, yatırım, göçmenlik ve ticaret hukuku hakkında uygulamaya dönük rehberler ve güncel değerlendirmeler.",IGA Hukuk Bürosu Blogu,https://igalawfirm.com/tr/blog/,en=https://igalawfirm.com/en/blog/ ; tr=https://igalawfirm.com/tr/blog/ ; zh-CN=https://igalawfirm.com/zh/blog/ ; ar=https://igalawfirm.com/ar/blog/ ; x-default=https://igalawfirm.com/en/blog/,,True,True
https://igalawfirm.com/tr/blog/most-preferred-areas-by-real-estate-investors-in-istanbul-2026-iga-law-firm/,tr,tr,Most Preferred Areas by Real Estate Investors in Istanbul 2026 | IGA Law Firm,The Istanbul real estate market continues to attract significant international attention in 2026. Foreign investors are no longer focused solely on…,Most Preferred Areas by Real Estate Investors in Istanbul 2026,https://igalawfirm.com/en/blog/most-preferred-areas-by-real-estate-investors-in-istanbul-2026-iga-law-firm/,,"noindex,follow",False,True
https://igalawfirm.com/tr/blog/qnb-bank-turkish-citizenship-by-investment-why-investors-choose-qnb-in-2026/,tr,tr,QNB Bank — Turkish Citizenship by Investment: Why Investors Choose QNB in 2026 | IGA Law Firm,QNB Bank Turkish Citizenship by Investment has become one of the most preferred options for international investors in 2026. When applying for Turkish…,QNB Bank — Turkish Citizenship by Investment: Why Investors Choose QNB in 2026,https://igalawfirm.com/en/blog/qnb-bank-turkish-citizenship-by-investment-why-investors-choose-qnb-in-2026/,,"noindex,follow",False,True
https://igalawfirm.com/tr/blog/real-estate-vs-bank-deposit-vs-bes-for-turkish-citizenship-a-legal-and-strategic-comparison-2026/,tr,tr,Real Estate vs Bank Deposit vs BES for Turkish Citizenship: A Legal Comparison (2026) | IGA Law Firm,Real Estate vs Bank Deposit vs BES for Turkish Citizenship is one of the most frequently asked questions by global investors considering the Turkish…,Real Estate vs Bank Deposit vs BES for Turkish Citizenship: A Legal Comparison (2026),https://igalawfirm.com/en/blog/real-estate-vs-bank-deposit-vs-bes-for-turkish-citizenship-a-legal-and-strategic-comparison-2026/,,"noindex,follow",False,True
https://igalawfirm.com/tr/blog/step-by-step-guide-turkish-id-card-passport-appointment-after-citizenship-approval/,tr,tr,A Guide to Turkish ID Card & Passport Appointments | IGA Law Firm,"Obtaining Turkish citizenship by investment is an exciting milestone. Upon receiving your Citizenship Approval Letter, you may book your Turkish ID card &…",A Guide to Turkish ID Card & Passport Appointments,https://igalawfirm.com/en/blog/step-by-step-guide-turkish-id-card-passport-appointment-after-citizenship-approval/,,"noindex,follow",False,True
https://igalawfirm.com/tr/blog/success-stories-newly-approved-turkish-citizenship-turkish-id-cards/,tr,tr,Turkish Citizenship Approvals and ID Cards: Client Milestones | IGA Law Firm,We are pleased to present some of these official documents (with all personal data carefully redacted to protect confidentiality). These are more than just…,Turkish Citizenship Approvals and ID Cards: Client Milestones,https://igalawfirm.com/en/blog/success-stories-newly-approved-turkish-citizenship-turkish-id-cards/,,"noindex,follow",False,True
https://igalawfirm.com/tr/blog/turkey-20-year-tax-exemption-and-1-inheritance-tax-advantage-for-foreign-investors/,tr,tr,Turkey 20-Year Tax Exemption and 1% Inheritance Tax Advantage for Foreign Investors | IGA Law Firm,"Turkey has introduced one of the most significant tax incentives in recent years for foreign investors, high-net-worth individuals, entrepreneurs, and…",Turkey 20-Year Tax Exemption and 1% Inheritance Tax Advantage for Foreign Investors,https://igalawfirm.com/en/blog/turkey-20-year-tax-exemption-and-1-inheritance-tax-advantage-for-foreign-investors/,,"noindex,follow",False,True
https://igalawfirm.com/tr/blog/turkey-china-immigration-investment-cooperation/,tr,tr,Building Legal Bridges Between Turkey and China in Investment Migration | IGA Law Firm,"In August 2025, we had the great honor of welcoming a high-level delegation from the Beijing Immigration and Exit-Entry Association (北京市移民及出入境协会) to Istanbul.",Building Legal Bridges Between Turkey and China in Investment Migration,https://igalawfirm.com/en/blog/turkey-china-immigration-investment-cooperation/,,"noindex,follow",False,True
https://igalawfirm.com/tr/blog/turkey-citizenship-by-investment-bes-fund-route-explained-legal-structure-process-latest-succes/,tr,tr,"Turkey Citizenship by Investment BES Fund Route: Legal Structure, Process & Recent Case | IGA Law Firm","The Turkey Citizenship by Investment BES Fund route has emerged as a strong alternative to real estate investment. Under Turkish law, investors may qualify…","Turkey Citizenship by Investment BES Fund Route: Legal Structure, Process & Recent Case",https://igalawfirm.com/en/blog/turkey-citizenship-by-investment-bes-fund-route-explained-legal-structure-process-latest-succes/,,"noindex,follow",False,True
https://igalawfirm.com/tr/blog/turkish-citizenship-by-bank-deposit-2025-complete-and-detailed-process-guide/,tr,tr,Turkish Citizenship by Bank Deposit: A Process Guide | IGA Law Firm,"Implementation Regulation Article 20/2-ç, which requires depositing USD 500,000 into a Turkish bank and keeping it for 3 years.",Turkish Citizenship by Bank Deposit: A Process Guide,https://igalawfirm.com/en/blog/turkish-citizenship-by-bank-deposit-2025-complete-and-detailed-process-guide/,,"noindex,follow",False,True
https://igalawfirm.com/tr/blog/turkish-citizenship-by-bank-deposit-real-case-study-after-3-years-500-000-usd-600-000-usd/,tr,tr,Turkish Citizenship by Bank Deposit: A Real Case Study After 3 Years | IGA Law Firm,One of the most frequently asked questions by foreign investors considering Turkish citizenship by bank deposit is simple:,Turkish Citizenship by Bank Deposit: A Real Case Study After 3 Years,https://igalawfirm.com/en/blog/turkish-citizenship-by-bank-deposit-real-case-study-after-3-years-500-000-usd-600-000-usd/,,"noindex,follow",False,True
https://igalawfirm.com/tr/blog/turkish-citizenship-by-investment-2026-legal-process-investment-options/,tr,tr,Turkish Citizenship by Investment 2026: Legal Process & Investment Options | IGA Law Firm,The Turkish Citizenship by Investment 2026 program remains one of the most structured and regulated investment migration programs available to foreign…,Turkish Citizenship by Investment 2026: Legal Process & Investment Options,https://igalawfirm.com/en/blog/turkish-citizenship-by-investment-2026-legal-process-investment-options/,,"noindex,follow",False,True
https://igalawfirm.com/tr/blog/turkish-citizenship-by-investment-and-turkish-name-selection-an-overlooked-advantage-for-internatio/,tr,tr,Turkish Citizenship by Investment and Turkish Name Selection: An Overlooked Advantage for International Investors | IGA Law Firm,"When people discuss Turkish Citizenship by Investment, the conversation usually focuses on the minimum investment threshold, processing times, visa-free…",Turkish Citizenship by Investment and Turkish Name Selection: An Overlooked Advantage for International Investors,https://igalawfirm.com/en/blog/turkish-citizenship-by-investment-and-turkish-name-selection-an-overlooked-advantage-for-internatio/,,"noindex,follow",False,True
https://igalawfirm.com/tr/blog/turkish-citizenship-by-investment-bes-allianz-funds-and-best-portfolio-strategy-2026-guide/,tr,tr,Turkish Citizenship by Investment BES: Allianz Funds and Portfolio Strategy (2026 Guide) | IGA Law Firm,Turkish citizenship by investment BES (Private Pension System) is a program that allows investors to obtain Turkish citizenship by investing a minimum of…,Turkish Citizenship by Investment BES: Allianz Funds and Portfolio Strategy (2026 Guide),https://igalawfirm.com/en/blog/turkish-citizenship-by-investment-bes-allianz-funds-and-best-portfolio-strategy-2026-guide/,,"noindex,follow",False,True
https://igalawfirm.com/tr/blog/turkish-citizenship-by-investment-through-real-estate-a-lawyer-s-guide-to-choosing-the-right-proper/,tr,tr,Turkish Citizenship by Investment Through Real Estate: A Lawyer’s Guide to Choosing the Right Property in 2026 | IGA Law Firm,"Many investors believe that obtaining Turkish citizenship is simply a matter of purchasing a property worth at least USD 400,000. In practice, choosing the…",Turkish Citizenship by Investment Through Real Estate: A Lawyer’s Guide to Choosing the Right Property in 2026,https://igalawfirm.com/en/blog/turkish-citizenship-by-investment-through-real-estate-a-lawyer-s-guide-to-choosing-the-right-proper/,,"noindex,follow",False,True
https://igalawfirm.com/tr/blog/turkish-citizenship-by-investment-via-allianz-bes-secure-500-000-strategy-with-gold-funds-2026/,tr,tr,"Turkish Citizenship by Investment via Allianz BES: Secure $500,000 Strategy with Gold Funds (2026) | IGA Law Firm","The Turkish Citizenship BES Allianz model has become one of the most secure and institutional investment pathways for global investors, particularly those…","Turkish Citizenship by Investment via Allianz BES: Secure $500,000 Strategy with Gold Funds (2026)",https://igalawfirm.com/en/blog/turkish-citizenship-by-investment-via-allianz-bes-secure-500-000-strategy-with-gold-funds-2026/,,"noindex,follow",False,True
https://igalawfirm.com/tr/blog/turkish-citizenship-for-chinese-citizens-in-2026-documents-hukou-apostille-family-guide/,tr,tr,"Turkish Citizenship for Chinese Citizens in 2026: Documents, Hukou, Apostille & Family Guide | IGA Law Firm","For Chinese applicants, obtaining Turkish citizenship by investment is not only about making the required investment. In practice, one of the most important…","Turkish Citizenship for Chinese Citizens in 2026: Documents, Hukou, Apostille & Family Guide",https://igalawfirm.com/en/blog/turkish-citizenship-for-chinese-citizens-in-2026-documents-hukou-apostille-family-guide/,,"noindex,follow",False,True
https://igalawfirm.com/tr/blog/turkish-citizenship-property-sale-after-3-years-how-to-sell-your-property-investment-in-turkey/,tr,tr,Turkish Citizenship Property Sale After 3 Years: How to Sell Your Property Investment | IGA Law Firm,Many investors who obtain Turkish Citizenship by Investment through real estate in Turkey ask the same question:,Turkish Citizenship Property Sale After 3 Years: How to Sell Your Property Investment,https://igalawfirm.com/en/blog/turkish-citizenship-property-sale-after-3-years-how-to-sell-your-property-investment-in-turkey/,,"noindex,follow",False,True
https://igalawfirm.com/tr/blog/turkish-citizenship-through-bes-a-secure-path-for-foreign-investors/,tr,tr,Turkish Citizenship through the Private Pension Scheme (BES) | IGA Law Firm,Foreign investors seeking both financial security and Turkish Citizenship through the Private Pension Scheme (BES) now have a highly attractive option. By…,Turkish Citizenship through the Private Pension Scheme (BES),https://igalawfirm.com/en/blog/turkish-citizenship-through-bes-a-secure-path-for-foreign-investors/,,"noindex,follow",False,True
https://igalawfirm.com/tr/contact/,tr,tr,İletişim | IGA Law Firm,Değerlendirdiğiniz konu hakkında kısaca bilgi verin. İstanbul ekibimiz sonraki adımı anlamanıza yardımcı olsun.,İletişim,https://igalawfirm.com/tr/contact/,en=https://igalawfirm.com/en/contact/ ; tr=https://igalawfirm.com/tr/contact/ ; zh-CN=https://igalawfirm.com/zh/contact/ ; ar=https://igalawfirm.com/ar/contact/ ; x-default=https://igalawfirm.com/en/contact/,,True,True
https://igalawfirm.com/tr/igalawcorporatelaw/,tr,tr,Şirketler ve Ticaret Hukuku | IGA Law Firm,Türkiye’de faaliyet gösteren veya pazara giren şirketlere yönelik ticari ihtiyaçlara özel hukuki çözümler.,Şirketler ve Ticaret Hukuku,https://igalawfirm.com/tr/igalawcorporatelaw/,en=https://igalawfirm.com/en/igalawcorporatelaw/ ; tr=https://igalawfirm.com/tr/igalawcorporatelaw/ ; zh-CN=https://igalawfirm.com/zh/igalawcorporatelaw/ ; ar=https://igalawfirm.com/ar/igalawcorporatelaw/ ; x-default=https://igalawfirm.com/en/igalawcorporatelaw/,,True,True
https://igalawfirm.com/tr/igalawdocumentation/,tr,tr,Belgelendirme ve Tasdik İşlemleri | IGA Law Firm,"Türkiye’deki belgeler, noter işlemleri, apostil, tercüme ve konsolosluk süreçlerinde uçtan uca destek.",Belgelendirme ve Tasdik İşlemleri,https://igalawfirm.com/tr/igalawdocumentation/,en=https://igalawfirm.com/en/igalawdocumentation/ ; tr=https://igalawfirm.com/tr/igalawdocumentation/ ; zh-CN=https://igalawfirm.com/zh/igalawdocumentation/ ; ar=https://igalawfirm.com/ar/igalawdocumentation/ ; x-default=https://igalawfirm.com/en/igalawdocumentation/,,True,True
https://igalawfirm.com/tr/igalawlegalconsultancy/,tr,tr,Hukuki Danışmanlık | IGA Law Firm,"Türk hukukunda yol alan bireyler, yatırımcılar ve işletmelere özel hukuki danışmanlık.",Hukuki Danışmanlık,https://igalawfirm.com/tr/igalawlegalconsultancy/,en=https://igalawfirm.com/en/igalawlegalconsultancy/ ; tr=https://igalawfirm.com/tr/igalawlegalconsultancy/ ; zh-CN=https://igalawfirm.com/zh/igalawlegalconsultancy/ ; ar=https://igalawfirm.com/ar/igalawlegalconsultancy/ ; x-default=https://igalawfirm.com/en/igalawlegalconsultancy/,,True,True
https://igalawfirm.com/tr/igalawlitigation/,tr,tr,Dava Takibi ve Uyuşmazlık Çözümü | IGA Law Firm,"Türk mahkemelerinde hukuk, ticaret ve idare hukuku uyuşmazlıklarında stratejik temsil.",Dava Takibi ve Uyuşmazlık Çözümü,https://igalawfirm.com/tr/igalawlitigation/,en=https://igalawfirm.com/en/igalawlitigation/ ; tr=https://igalawfirm.com/tr/igalawlitigation/ ; zh-CN=https://igalawfirm.com/zh/igalawlitigation/ ; ar=https://igalawfirm.com/ar/igalawlitigation/ ; x-default=https://igalawfirm.com/en/igalawlitigation/,,True,True
https://igalawfirm.com/tr/igalawrealestateduediligence/,tr,tr,Gayrimenkul Hukuki Durum İncelemesi | IGA Law Firm,"Gayrimenkul satın alımından önce tapu kontrolleri, hukuki risk değerlendirmesi ve sözleşme incelemesi.",Gayrimenkul Hukuki Durum İncelemesi,https://igalawfirm.com/tr/igalawrealestateduediligence/,en=https://igalawfirm.com/en/igalawrealestateduediligence/ ; tr=https://igalawfirm.com/tr/igalawrealestateduediligence/ ; zh-CN=https://igalawfirm.com/zh/igalawrealestateduediligence/ ; ar=https://igalawfirm.com/ar/igalawrealestateduediligence/ ; x-default=https://igalawfirm.com/en/igalawrealestateduediligence/,,True,True
https://igalawfirm.com/tr/igalawresidencepermit/,tr,tr,İkamet İzni | IGA Law Firm,Bireyler ve aileler için kısa ve uzun dönem ikamet izni başvurularında rehberlik.,İkamet İzni,https://igalawfirm.com/tr/igalawresidencepermit/,en=https://igalawfirm.com/en/igalawresidencepermit/ ; tr=https://igalawfirm.com/tr/igalawresidencepermit/ ; zh-CN=https://igalawfirm.com/zh/igalawresidencepermit/ ; ar=https://igalawfirm.com/ar/igalawresidencepermit/ ; x-default=https://igalawfirm.com/en/igalawresidencepermit/,,True,True
https://igalawfirm.com/tr/igalawworkpermit/,tr,tr,Çalışma İzni | IGA Law Firm,Türkiye’de yasal çalışma izni almak isteyen yabancı uyruklu kişiler ve şirketlere destek.,Çalışma İzni,https://igalawfirm.com/tr/igalawworkpermit/,en=https://igalawfirm.com/en/igalawworkpermit/ ; tr=https://igalawfirm.com/tr/igalawworkpermit/ ; zh-CN=https://igalawfirm.com/zh/igalawworkpermit/ ; ar=https://igalawfirm.com/ar/igalawworkpermit/ ; x-default=https://igalawfirm.com/en/igalawworkpermit/,,True,True
https://igalawfirm.com/tr/,tr,tr,IGA Law Firm | İstanbul’da Uluslararası Hukuki Danışmanlık,"IGA Hukuk Bürosu, İstanbul merkezli butik bir hukuk bürosudur. Yatırım yoluyla Türk vatandaşlığı, göçmenlik hukuku ve uluslararası yatırımcılar ile ailelere sınır ötesi hukuki danışmanlık alanlarında uzmanlaşır.",Yeni başlangıcınıza güvenle adım atın.,https://igalawfirm.com/tr/,en=https://igalawfirm.com/en/ ; tr=https://igalawfirm.com/tr/ ; zh-CN=https://igalawfirm.com/zh/ ; ar=https://igalawfirm.com/ar/ ; x-default=https://igalawfirm.com/en/,,True,True
https://igalawfirm.com/tr/services/,tr,tr,İstanbul’da hukuki hizmetler | IGA Law Firm,Türkiye’de hayatınızı ve işinizi şekillendiren kararlar için pratik ve kişiye özel hukuki destek.,İstanbul’da hukuki hizmetler,https://igalawfirm.com/tr/services/,en=https://igalawfirm.com/en/services/ ; tr=https://igalawfirm.com/tr/services/ ; zh-CN=https://igalawfirm.com/zh/services/ ; ar=https://igalawfirm.com/ar/services/ ; x-default=https://igalawfirm.com/en/services/,,True,True
https://igalawfirm.com/tr/team/,tr,tr,Ekibimizle tanışın | IGA Law Firm,"Uluslararası müvekkillere Türkiye’deki hukuki süreçlerinde eşlik eden, İstanbul merkezli çok dilli bir ekip.",Ekibimizle tanışın,https://igalawfirm.com/tr/team/,en=https://igalawfirm.com/en/team/ ; tr=https://igalawfirm.com/tr/team/ ; zh-CN=https://igalawfirm.com/zh/team/ ; ar=https://igalawfirm.com/ar/team/ ; x-default=https://igalawfirm.com/en/team/,,True,True
https://igalawfirm.com/tr/yatirim-yoluyla-turk-vatandasligi/,tr,tr,Yatırım Yoluyla Türk Vatandaşlığı: Şartlar ve Seçenekler | IGA,"Yatırım yoluyla Türk vatandaşlığı için güncel yatırım seçenekleri, asgari tutarlar, üç yıllık elde tutma koşulları ve başvuru öncesi kontroller.",Yatırım Yoluyla Türk Vatandaşlığı: Şartlar ve Yatırım Seçenekleri,https://igalawfirm.com/tr/yatirim-yoluyla-turk-vatandasligi/,en=https://igalawfirm.com/en/turkish-citizenship-by-investment/ ; tr=https://igalawfirm.com/tr/yatirim-yoluyla-turk-vatandasligi/ ; zh-CN=https://igalawfirm.com/zh/tuerqi-touzi-ruji/ ; ar=https://igalawfirm.com/ar/turkish-citizenship-by-investment/ ; x-default=https://igalawfirm.com/en/turkish-citizenship-by-investment/,,True,True
https://igalawfirm.com/tr/yatirim-yoluyla-turk-vatandasligi-avukati/,tr,tr,Yatırım Yoluyla Türk Vatandaşlığı Avukatı | IGA Hukuk Bürosu,"IGA Hukuk Bürosu; yatırımcı ve ailelerine hukuki inceleme, belge hazırlığı, uygunluk takibi ve vatandaşlık başvurusu koordinasyonu sunar.",Yatırım Yoluyla Türk Vatandaşlığı Avukatı,https://igalawfirm.com/tr/yatirim-yoluyla-turk-vatandasligi-avukati/,en=https://igalawfirm.com/en/turkish-citizenship-by-investment-lawyer/ ; tr=https://igalawfirm.com/tr/yatirim-yoluyla-turk-vatandasligi-avukati/ ; zh-CN=https://igalawfirm.com/zh/tuerqi-touzi-ruji-lushi/ ; ar=https://igalawfirm.com/ar/turkish-citizenship-by-investment-lawyer/ ; x-default=https://igalawfirm.com/en/turkish-citizenship-by-investment-lawyer/,,True,True
https://igalawfirm.com/zh/about/,zh,zh-CN,本地经验，国际视野。 | IGA Law Firm,IGA Law Firm 成立于2018年，专注于投资移民与外国人法律咨询。从初步资格评估到最终获批及投资后合规，我们全程为客户提供法律代理。,本地经验，国际视野。,https://igalawfirm.com/zh/about/,en=https://igalawfirm.com/en/about/ ; tr=https://igalawfirm.com/tr/about/ ; zh-CN=https://igalawfirm.com/zh/about/ ; ar=https://igalawfirm.com/ar/about/ ; x-default=https://igalawfirm.com/en/about/,,True,True
https://igalawfirm.com/zh/blog/2025-tl-deposit-usd-yield-full-return-analysis-for-foreign-investors-exiting-kkm-in-february-2025/,zh,zh-CN,2025 TL Deposit USD Yield: Return Analysis for Foreign Investors | IGA Law Firm,This report examines the cumulative USD-denominated performance of two groups of foreign investors in 2025:,2025 TL Deposit USD Yield: Return Analysis for Foreign Investors,https://igalawfirm.com/en/blog/2025-tl-deposit-usd-yield-full-return-analysis-for-foreign-investors-exiting-kkm-in-february-2025/,,"noindex,follow",False,True
https://igalawfirm.com/zh/blog/bank-deposit-for-turkish-citizenship-how-a-usd-500-000-investment-became-usd-620-640-and-was-safely/,zh,zh-CN,"Bank Deposit for Turkish Citizenship: A $500,000 Investment Becomes $620,640 | IGA Law Firm",Many foreign investors believe that obtaining Turkish citizenship by investment means locking their money away with limited flexibility. This real-life case…,"Bank Deposit for Turkish Citizenship: A $500,000 Investment Becomes $620,640",https://igalawfirm.com/en/blog/bank-deposit-for-turkish-citizenship-how-a-usd-500-000-investment-became-usd-620-640-and-was-safely/,,"noindex,follow",False,True
https://igalawfirm.com/zh/blog/bes-for-turkish-citizenship-2026-10-key-legal-questions-answered-by-a-lawyer/,zh,zh-CN,BES for Turkish Citizenship (2026): 10 Key Legal Questions Answered by a Lawyer | IGA Law Firm,BES for Turkish citizenship has become one of the most structured and legally predictable investment routes for foreign investors applying for Turkish…,BES for Turkish Citizenship (2026): 10 Key Legal Questions Answered by a Lawyer,https://igalawfirm.com/en/blog/bes-for-turkish-citizenship-2026-10-key-legal-questions-answered-by-a-lawyer/,,"noindex,follow",False,True
https://igalawfirm.com/zh/blog/can-you-apply-for-turkish-citizenship-without-a-birth-certificate/,zh,zh-CN,Can You Apply for Turkish Citizenship Without a Birth Certificate? | IGA Law Firm,"For Chinese investors seeking Turkish citizenship through real estate or a bank deposit, a birth certificate is normally an important part of the…",Can You Apply for Turkish Citizenship Without a Birth Certificate?,https://igalawfirm.com/en/blog/can-you-apply-for-turkish-citizenship-without-a-birth-certificate/,,"noindex,follow",False,True
https://igalawfirm.com/zh/blog/crs-reporting-in-turkey-turkish-citizenship-by-investment-what-investors-should-know/,zh,zh-CN,CRS Reporting in Turkey & Turkish Citizenship by Investment: What Investors Should Know | IGA Law Firm,The Common Reporting Standard (CRS) is an international framework developed by the OECD for the automatic exchange of financial account information between…,CRS Reporting in Turkey & Turkish Citizenship by Investment: What Investors Should Know,https://igalawfirm.com/en/blog/crs-reporting-in-turkey-turkish-citizenship-by-investment-what-investors-should-know/,,"noindex,follow",False,True
https://igalawfirm.com/zh/blog/fund-investment-for-turkish-citizenship-legal-structure-of-the-bes-fund-institutional-background/,zh,zh-CN,Fund Investment for Turkish Citizenship: BES Legal Structure and Institutional Background | IGA Law Firm,The fund investment for Turkish citizenship pathway based on the BES fund (Private Pension Investment System) has become an increasingly structured option…,Fund Investment for Turkish Citizenship: BES Legal Structure and Institutional Background,https://igalawfirm.com/en/blog/fund-investment-for-turkish-citizenship-legal-structure-of-the-bes-fund-institutional-background/,,"noindex,follow",False,True
https://igalawfirm.com/zh/blog/iga-law-firm-is-growing-a-new-chapter-at-our-new-office/,zh,zh-CN,IGA Law Firm Is Growing: A New Chapter at Our New Office | IGA Law Firm,"We are delighted to announce that IGA Law Firm has begun welcoming clients to its new office, located in an elegant mansion in Bebek, one of Istanbul’s most…",IGA Law Firm Is Growing: A New Chapter at Our New Office,https://igalawfirm.com/en/blog/iga-law-firm-is-growing-a-new-chapter-at-our-new-office/,,"noindex,follow",False,True
https://igalawfirm.com/zh/blog/,zh,zh-CN,IGA 法律博客 | IGA Law Firm,关于土耳其入籍、投资、移民及商业法律的实用观点。,IGA 法律博客,https://igalawfirm.com/zh/blog/,en=https://igalawfirm.com/en/blog/ ; tr=https://igalawfirm.com/tr/blog/ ; zh-CN=https://igalawfirm.com/zh/blog/ ; ar=https://igalawfirm.com/ar/blog/ ; x-default=https://igalawfirm.com/en/blog/,,True,True
https://igalawfirm.com/zh/blog/most-preferred-areas-by-real-estate-investors-in-istanbul-2026-iga-law-firm/,zh,zh-CN,Most Preferred Areas by Real Estate Investors in Istanbul 2026 | IGA Law Firm,The Istanbul real estate market continues to attract significant international attention in 2026. Foreign investors are no longer focused solely on…,Most Preferred Areas by Real Estate Investors in Istanbul 2026,https://igalawfirm.com/en/blog/most-preferred-areas-by-real-estate-investors-in-istanbul-2026-iga-law-firm/,,"noindex,follow",False,True
https://igalawfirm.com/zh/blog/qnb-bank-turkish-citizenship-by-investment-why-investors-choose-qnb-in-2026/,zh,zh-CN,QNB Bank — Turkish Citizenship by Investment: Why Investors Choose QNB in 2026 | IGA Law Firm,QNB Bank Turkish Citizenship by Investment has become one of the most preferred options for international investors in 2026. When applying for Turkish…,QNB Bank — Turkish Citizenship by Investment: Why Investors Choose QNB in 2026,https://igalawfirm.com/en/blog/qnb-bank-turkish-citizenship-by-investment-why-investors-choose-qnb-in-2026/,,"noindex,follow",False,True
https://igalawfirm.com/zh/blog/real-estate-vs-bank-deposit-vs-bes-for-turkish-citizenship-a-legal-and-strategic-comparison-2026/,zh,zh-CN,Real Estate vs Bank Deposit vs BES for Turkish Citizenship: A Legal Comparison (2026) | IGA Law Firm,Real Estate vs Bank Deposit vs BES for Turkish Citizenship is one of the most frequently asked questions by global investors considering the Turkish…,Real Estate vs Bank Deposit vs BES for Turkish Citizenship: A Legal Comparison (2026),https://igalawfirm.com/en/blog/real-estate-vs-bank-deposit-vs-bes-for-turkish-citizenship-a-legal-and-strategic-comparison-2026/,,"noindex,follow",False,True
https://igalawfirm.com/zh/blog/step-by-step-guide-turkish-id-card-passport-appointment-after-citizenship-approval/,zh,zh-CN,A Guide to Turkish ID Card & Passport Appointments | IGA Law Firm,"Obtaining Turkish citizenship by investment is an exciting milestone. Upon receiving your Citizenship Approval Letter, you may book your Turkish ID card &…",A Guide to Turkish ID Card & Passport Appointments,https://igalawfirm.com/en/blog/step-by-step-guide-turkish-id-card-passport-appointment-after-citizenship-approval/,,"noindex,follow",False,True
https://igalawfirm.com/zh/blog/success-stories-newly-approved-turkish-citizenship-turkish-id-cards/,zh,zh-CN,Turkish Citizenship Approvals and ID Cards: Client Milestones | IGA Law Firm,We are pleased to present some of these official documents (with all personal data carefully redacted to protect confidentiality). These are more than just…,Turkish Citizenship Approvals and ID Cards: Client Milestones,https://igalawfirm.com/en/blog/success-stories-newly-approved-turkish-citizenship-turkish-id-cards/,,"noindex,follow",False,True
https://igalawfirm.com/zh/blog/turkey-20-year-tax-exemption-and-1-inheritance-tax-advantage-for-foreign-investors/,zh,zh-CN,Turkey 20-Year Tax Exemption and 1% Inheritance Tax Advantage for Foreign Investors | IGA Law Firm,"Turkey has introduced one of the most significant tax incentives in recent years for foreign investors, high-net-worth individuals, entrepreneurs, and…",Turkey 20-Year Tax Exemption and 1% Inheritance Tax Advantage for Foreign Investors,https://igalawfirm.com/en/blog/turkey-20-year-tax-exemption-and-1-inheritance-tax-advantage-for-foreign-investors/,,"noindex,follow",False,True
https://igalawfirm.com/zh/blog/turkey-china-immigration-investment-cooperation/,zh,zh-CN,Building Legal Bridges Between Turkey and China in Investment Migration | IGA Law Firm,"In August 2025, we had the great honor of welcoming a high-level delegation from the Beijing Immigration and Exit-Entry Association (北京市移民及出入境协会) to Istanbul.",Building Legal Bridges Between Turkey and China in Investment Migration,https://igalawfirm.com/en/blog/turkey-china-immigration-investment-cooperation/,,"noindex,follow",False,True
https://igalawfirm.com/zh/blog/turkey-citizenship-by-investment-bes-fund-route-explained-legal-structure-process-latest-succes/,zh,zh-CN,"Turkey Citizenship by Investment BES Fund Route: Legal Structure, Process & Recent Case | IGA Law Firm","The Turkey Citizenship by Investment BES Fund route has emerged as a strong alternative to real estate investment. Under Turkish law, investors may qualify…","Turkey Citizenship by Investment BES Fund Route: Legal Structure, Process & Recent Case",https://igalawfirm.com/en/blog/turkey-citizenship-by-investment-bes-fund-route-explained-legal-structure-process-latest-succes/,,"noindex,follow",False,True
https://igalawfirm.com/zh/blog/turkish-citizenship-by-bank-deposit-2025-complete-and-detailed-process-guide/,zh,zh-CN,Turkish Citizenship by Bank Deposit: A Process Guide | IGA Law Firm,"Implementation Regulation Article 20/2-ç, which requires depositing USD 500,000 into a Turkish bank and keeping it for 3 years.",Turkish Citizenship by Bank Deposit: A Process Guide,https://igalawfirm.com/en/blog/turkish-citizenship-by-bank-deposit-2025-complete-and-detailed-process-guide/,,"noindex,follow",False,True
https://igalawfirm.com/zh/blog/turkish-citizenship-by-bank-deposit-real-case-study-after-3-years-500-000-usd-600-000-usd/,zh,zh-CN,Turkish Citizenship by Bank Deposit: A Real Case Study After 3 Years | IGA Law Firm,One of the most frequently asked questions by foreign investors considering Turkish citizenship by bank deposit is simple:,Turkish Citizenship by Bank Deposit: A Real Case Study After 3 Years,https://igalawfirm.com/en/blog/turkish-citizenship-by-bank-deposit-real-case-study-after-3-years-500-000-usd-600-000-usd/,,"noindex,follow",False,True
https://igalawfirm.com/zh/blog/turkish-citizenship-by-investment-2026-legal-process-investment-options/,zh,zh-CN,Turkish Citizenship by Investment 2026: Legal Process & Investment Options | IGA Law Firm,The Turkish Citizenship by Investment 2026 program remains one of the most structured and regulated investment migration programs available to foreign…,Turkish Citizenship by Investment 2026: Legal Process & Investment Options,https://igalawfirm.com/en/blog/turkish-citizenship-by-investment-2026-legal-process-investment-options/,,"noindex,follow",False,True
https://igalawfirm.com/zh/blog/turkish-citizenship-by-investment-and-turkish-name-selection-an-overlooked-advantage-for-internatio/,zh,zh-CN,Turkish Citizenship by Investment and Turkish Name Selection: An Overlooked Advantage for International Investors | IGA Law Firm,"When people discuss Turkish Citizenship by Investment, the conversation usually focuses on the minimum investment threshold, processing times, visa-free…",Turkish Citizenship by Investment and Turkish Name Selection: An Overlooked Advantage for International Investors,https://igalawfirm.com/en/blog/turkish-citizenship-by-investment-and-turkish-name-selection-an-overlooked-advantage-for-internatio/,,"noindex,follow",False,True
https://igalawfirm.com/zh/blog/turkish-citizenship-by-investment-bes-allianz-funds-and-best-portfolio-strategy-2026-guide/,zh,zh-CN,Turkish Citizenship by Investment BES: Allianz Funds and Portfolio Strategy (2026 Guide) | IGA Law Firm,Turkish citizenship by investment BES (Private Pension System) is a program that allows investors to obtain Turkish citizenship by investing a minimum of…,Turkish Citizenship by Investment BES: Allianz Funds and Portfolio Strategy (2026 Guide),https://igalawfirm.com/en/blog/turkish-citizenship-by-investment-bes-allianz-funds-and-best-portfolio-strategy-2026-guide/,,"noindex,follow",False,True
https://igalawfirm.com/zh/blog/turkish-citizenship-by-investment-through-real-estate-a-lawyer-s-guide-to-choosing-the-right-proper/,zh,zh-CN,Turkish Citizenship by Investment Through Real Estate: A Lawyer’s Guide to Choosing the Right Property in 2026 | IGA Law Firm,"Many investors believe that obtaining Turkish citizenship is simply a matter of purchasing a property worth at least USD 400,000. In practice, choosing the…",Turkish Citizenship by Investment Through Real Estate: A Lawyer’s Guide to Choosing the Right Property in 2026,https://igalawfirm.com/en/blog/turkish-citizenship-by-investment-through-real-estate-a-lawyer-s-guide-to-choosing-the-right-proper/,,"noindex,follow",False,True
https://igalawfirm.com/zh/blog/turkish-citizenship-by-investment-via-allianz-bes-secure-500-000-strategy-with-gold-funds-2026/,zh,zh-CN,"Turkish Citizenship by Investment via Allianz BES: Secure $500,000 Strategy with Gold Funds (2026) | IGA Law Firm","The Turkish Citizenship BES Allianz model has become one of the most secure and institutional investment pathways for global investors, particularly those…","Turkish Citizenship by Investment via Allianz BES: Secure $500,000 Strategy with Gold Funds (2026)",https://igalawfirm.com/en/blog/turkish-citizenship-by-investment-via-allianz-bes-secure-500-000-strategy-with-gold-funds-2026/,,"noindex,follow",False,True
https://igalawfirm.com/zh/blog/turkish-citizenship-for-chinese-citizens-in-2026-documents-hukou-apostille-family-guide/,zh,zh-CN,"Turkish Citizenship for Chinese Citizens in 2026: Documents, Hukou, Apostille & Family Guide | IGA Law Firm","For Chinese applicants, obtaining Turkish citizenship by investment is not only about making the required investment. In practice, one of the most important…","Turkish Citizenship for Chinese Citizens in 2026: Documents, Hukou, Apostille & Family Guide",https://igalawfirm.com/en/blog/turkish-citizenship-for-chinese-citizens-in-2026-documents-hukou-apostille-family-guide/,,"noindex,follow",False,True
https://igalawfirm.com/zh/blog/turkish-citizenship-property-sale-after-3-years-how-to-sell-your-property-investment-in-turkey/,zh,zh-CN,Turkish Citizenship Property Sale After 3 Years: How to Sell Your Property Investment | IGA Law Firm,Many investors who obtain Turkish Citizenship by Investment through real estate in Turkey ask the same question:,Turkish Citizenship Property Sale After 3 Years: How to Sell Your Property Investment,https://igalawfirm.com/en/blog/turkish-citizenship-property-sale-after-3-years-how-to-sell-your-property-investment-in-turkey/,,"noindex,follow",False,True
https://igalawfirm.com/zh/blog/turkish-citizenship-through-bes-a-secure-path-for-foreign-investors/,zh,zh-CN,Turkish Citizenship through the Private Pension Scheme (BES) | IGA Law Firm,Foreign investors seeking both financial security and Turkish Citizenship through the Private Pension Scheme (BES) now have a highly attractive option. By…,Turkish Citizenship through the Private Pension Scheme (BES),https://igalawfirm.com/en/blog/turkish-citizenship-through-bes-a-secure-path-for-foreign-investors/,,"noindex,follow",False,True
https://igalawfirm.com/zh/contact/,zh,zh-CN,联系我们 | IGA Law Firm,请简要介绍您正在考虑的事项。我们的伊斯坦布尔团队将协助您了解后续步骤。,联系我们,https://igalawfirm.com/zh/contact/,en=https://igalawfirm.com/en/contact/ ; tr=https://igalawfirm.com/tr/contact/ ; zh-CN=https://igalawfirm.com/zh/contact/ ; ar=https://igalawfirm.com/ar/contact/ ; x-default=https://igalawfirm.com/en/contact/,,True,True
https://igalawfirm.com/zh/igalawcorporatelaw/,zh,zh-CN,公司与商事法律 | IGA Law Firm,为在土耳其经营或进入土耳其市场的企业提供商业导向的法律解决方案。,公司与商事法律,https://igalawfirm.com/zh/igalawcorporatelaw/,en=https://igalawfirm.com/en/igalawcorporatelaw/ ; tr=https://igalawfirm.com/tr/igalawcorporatelaw/ ; zh-CN=https://igalawfirm.com/zh/igalawcorporatelaw/ ; ar=https://igalawfirm.com/ar/igalawcorporatelaw/ ; x-default=https://igalawfirm.com/en/igalawcorporatelaw/,,True,True
https://igalawfirm.com/zh/igalawdocumentation/,zh,zh-CN,文件办理与认证 | IGA Law Firm,为土耳其文件、公证、海牙认证、翻译及领事程序提供全程协助。,文件办理与认证,https://igalawfirm.com/zh/igalawdocumentation/,en=https://igalawfirm.com/en/igalawdocumentation/ ; tr=https://igalawfirm.com/tr/igalawdocumentation/ ; zh-CN=https://igalawfirm.com/zh/igalawdocumentation/ ; ar=https://igalawfirm.com/ar/igalawdocumentation/ ; x-default=https://igalawfirm.com/en/igalawdocumentation/,,True,True
https://igalawfirm.com/zh/igalawlegalconsultancy/,zh,zh-CN,法律咨询 | IGA Law Firm,为受土耳其法律管辖的个人、投资者及企业提供定制法律建议。,法律咨询,https://igalawfirm.com/zh/igalawlegalconsultancy/,en=https://igalawfirm.com/en/igalawlegalconsultancy/ ; tr=https://igalawfirm.com/tr/igalawlegalconsultancy/ ; zh-CN=https://igalawfirm.com/zh/igalawlegalconsultancy/ ; ar=https://igalawfirm.com/ar/igalawlegalconsultancy/ ; x-default=https://igalawfirm.com/en/igalawlegalconsultancy/,,True,True
https://igalawfirm.com/zh/igalawlitigation/,zh,zh-CN,诉讼与争议解决 | IGA Law Firm,在土耳其法院民事、商事及行政案件中提供策略性代理。,诉讼与争议解决,https://igalawfirm.com/zh/igalawlitigation/,en=https://igalawfirm.com/en/igalawlitigation/ ; tr=https://igalawfirm.com/tr/igalawlitigation/ ; zh-CN=https://igalawfirm.com/zh/igalawlitigation/ ; ar=https://igalawfirm.com/ar/igalawlitigation/ ; x-default=https://igalawfirm.com/en/igalawlitigation/,,True,True
https://igalawfirm.com/zh/igalawrealestateduediligence/,zh,zh-CN,房产法律尽职调查 | IGA Law Firm,购房前进行产权核查、法律风险评估及合同审核。,房产法律尽职调查,https://igalawfirm.com/zh/igalawrealestateduediligence/,en=https://igalawfirm.com/en/igalawrealestateduediligence/ ; tr=https://igalawfirm.com/tr/igalawrealestateduediligence/ ; zh-CN=https://igalawfirm.com/zh/igalawrealestateduediligence/ ; ar=https://igalawfirm.com/ar/igalawrealestateduediligence/ ; x-default=https://igalawfirm.com/en/igalawrealestateduediligence/,,True,True
https://igalawfirm.com/zh/igalawresidencepermit/,zh,zh-CN,居留许可 | IGA Law Firm,为个人与家庭的短期及长期居留许可申请提供指引。,居留许可,https://igalawfirm.com/zh/igalawresidencepermit/,en=https://igalawfirm.com/en/igalawresidencepermit/ ; tr=https://igalawfirm.com/tr/igalawresidencepermit/ ; zh-CN=https://igalawfirm.com/zh/igalawresidencepermit/ ; ar=https://igalawfirm.com/ar/igalawresidencepermit/ ; x-default=https://igalawfirm.com/en/igalawresidencepermit/,,True,True
https://igalawfirm.com/zh/igalawworkpermit/,zh,zh-CN,工作许可 | IGA Law Firm,为希望在土耳其合法工作的外国人士及企业提供协助。,工作许可,https://igalawfirm.com/zh/igalawworkpermit/,en=https://igalawfirm.com/en/igalawworkpermit/ ; tr=https://igalawfirm.com/tr/igalawworkpermit/ ; zh-CN=https://igalawfirm.com/zh/igalawworkpermit/ ; ar=https://igalawfirm.com/ar/igalawworkpermit/ ; x-default=https://igalawfirm.com/en/igalawworkpermit/,,True,True
https://igalawfirm.com/zh/,zh,zh-CN,IGA Law Firm | 伊斯坦布尔国际法律咨询,IGA Law Firm 是一家位于伊斯坦布尔的精品律师事务所，专注于土耳其投资入籍、移民法，以及为国际投资者和家庭提供跨境法律咨询。,为您的下一段旅程规划清晰路径。,https://igalawfirm.com/zh/,en=https://igalawfirm.com/en/ ; tr=https://igalawfirm.com/tr/ ; zh-CN=https://igalawfirm.com/zh/ ; ar=https://igalawfirm.com/ar/ ; x-default=https://igalawfirm.com/en/,,True,True
https://igalawfirm.com/zh/services/,zh,zh-CN,伊斯坦布尔法律服务 | IGA Law Firm,为您在土耳其生活与商业中的重要决定，提供务实且贴合需求的法律支持。,伊斯坦布尔法律服务,https://igalawfirm.com/zh/services/,en=https://igalawfirm.com/en/services/ ; tr=https://igalawfirm.com/tr/services/ ; zh-CN=https://igalawfirm.com/zh/services/ ; ar=https://igalawfirm.com/ar/services/ ; x-default=https://igalawfirm.com/en/services/,,True,True
https://igalawfirm.com/zh/team/,zh,zh-CN,认识我们的团队 | IGA Law Firm,扎根伊斯坦布尔的多语言团队，亲身协助国际客户处理土耳其法律程序。,认识我们的团队,https://igalawfirm.com/zh/team/,en=https://igalawfirm.com/en/team/ ; tr=https://igalawfirm.com/tr/team/ ; zh-CN=https://igalawfirm.com/zh/team/ ; ar=https://igalawfirm.com/ar/team/ ; x-default=https://igalawfirm.com/en/team/,,True,True
https://igalawfirm.com/zh/tuerqi-touzi-ruji/,zh,zh-CN,土耳其投资入籍条件与投资方式 | IGA 律师事务所,了解土耳其投资入籍的申请条件、七种投资方式、最低金额及三年持有要求，并在投资前核查适用规定。,土耳其投资入籍：申请条件与投资方式,https://igalawfirm.com/zh/tuerqi-touzi-ruji/,en=https://igalawfirm.com/en/turkish-citizenship-by-investment/ ; tr=https://igalawfirm.com/tr/yatirim-yoluyla-turk-vatandasligi/ ; zh-CN=https://igalawfirm.com/zh/tuerqi-touzi-ruji/ ; ar=https://igalawfirm.com/ar/turkish-citizenship-by-investment/ ; x-default=https://igalawfirm.com/en/turkish-citizenship-by-investment/,,True,True
https://igalawfirm.com/zh/tuerqi-touzi-ruji-lushi/,zh,zh-CN,土耳其投资入籍律师服务 | IGA 伊斯坦布尔律师事务所,IGA 律师事务所为投资者及家庭提供土耳其投资入籍法律协助，包括尽职调查、文件审核、合规确认跟进及申请协调。,土耳其投资入籍律师服务,https://igalawfirm.com/zh/tuerqi-touzi-ruji-lushi/,en=https://igalawfirm.com/en/turkish-citizenship-by-investment-lawyer/ ; tr=https://igalawfirm.com/tr/yatirim-yoluyla-turk-vatandasligi-avukati/ ; zh-CN=https://igalawfirm.com/zh/tuerqi-touzi-ruji-lushi/ ; ar=https://igalawfirm.com/ar/turkish-citizenship-by-investment-lawyer/ ; x-default=https://igalawfirm.com/en/turkish-citizenship-by-investment-lawyer/,,True,True
